lineage_key,group,yfull_name,ftdna_name,ashkenazi_pct,note,yfull_url,ftdna_url,ftdna_story_url,yfull_fetch,ftdna_fetch,yfull_status,yfull_formed,yfull_tmrca,yfull_public_ids_n,yfull_country_tags,yfull_sample_ids,ftdna_status,ftdna_formed_mean,ftdna_formed_95ci,ftdna_tmrca_mean,ftdna_tmrca_95ci,ftdna_children_n,ftdna_placements_n,ftdna_modern_country_counts,ftdna_ancient_codes,ftdna_ancient_studies,ftdna_project_counts,ftdna_variants_n
K1a1b1a,founder,K1a1b1a,K1a1b1a,20.70,major Ashkenazi founder; Brook/Penninx 2019,https://www.yfull.com/mtree/K1a1b1a/,https://discover.familytreedna.com/resources/mtdna/K1a1b1a.json,https://discover.familytreedna.com/mtdna/K1a1b1a/story,cached,cached,ok,2500 ybp,1850 ybp,252,AU-VIC;BY-HO;BY-MA;BY-VI;DE-TH;IL-TA;LT-UT;LT-VL;MD-CU;MD-ED;NL-ZH;PL-04;PL-14;PL-18;PL-20;RU-CHE;RU-SMO;TR-34;UA-18;UA-21;UA-32;UA-51;US-MA;US-MI;US-NV;US-NY;US-PA;US-TX,EF657731.1;EF657778.1;EF657768.1;EF657388.1;EF657415.1;EF657231.1;YF147246;YF145179;YF144015;YF140866;YF140835;YF140365;PX114822.1;YF139386;YF136656;YF133558;YF131841;YF131312;YF130975;YF130743,ok,-2356,-3581..-1280,-808,-1163..-474,26,179,Unknown Origin:1017;Poland:186/5308;Ukraine:149/2102;Russian Federation:135/4604;Germany:111/10834;Lithuania:104/1048;Belarus:83/759;Romania:53/570;Hungary:48/1120;Austria:42/856;Latvia:25/259;France:20/4389,I13862;I13866;I13870;I14846;I14741;ROQ12;Sobibor3;Sobibor5;PEN001_real1;GRG001;GRG022;OBN003;I12663;I7643;I0405;I6762;VERT028;I38828;I18428;I2651;I33390;I7438;I7440;BUR238;BUR339;RISE1162;I14677;I0458;I0461;SdlH,Waldman et al. 2022;Akbari et al. 2026;Pallarés-Viña et al. 2026;Diepenbroek et al. 2021;Rivollat et al. 2020;Rivollat et al. 2023;Rohrlach et al. 2021;Olalde et al. 2019;Haak et al. 2015;Mathieson et al. 2015;Brace et al. 2019;Olalde et al. 2018;Gelabert et al. 2022 (Sci. Rep.);Patterson et al. 2022;Cummings et al. 2026;Seersholm et al. 2026;Schroeder et al. 2019;Fernandes et al. 2020 (Nat. Ecol. Evol);Meyer et al. 2014,K:278/3778;Avotaynu:291/2534;Jewish_Ukraine-West:102/1008;Jewish_Heritage_Proj:98/1164;Polish:47/2617;Gesher_Galicia:34/299;JewishPodoliaArea:25/155;LiTUaniaPropria:20/697;Hebrew:20/464;GerSIG:16/153,70
K1a9,founder,K1a9,K1a9,6.10,major Ashkenazi founder; Brook/Penninx 2019,https://www.yfull.com/mtree/K1a9/,https://discover.familytreedna.com/resources/mtdna/K1a9.json,https://discover.familytreedna.com/mtdna/K1a9/story,cached,cached,ok,5600 ybp,3100 ybp,69,BY-MI;HU-BK;HU-NO;RO-B;UA-05;UA-12;US-VA,YF141953;YF141501;YF139628;YF139409;YF134804;YF133577;YF131402;YF131047;YF130599;YF129579;YF128507;YF128158;YF126956;YF126953;YF123687;YF122583;YF121070;YF117902;YF116603;YF115684,ok,-8840,-9019..-8663,-819,-1200..-460,14,85,Unknown Origin:251;Poland:64/5308;Ukraine:56/2102;Russian Federation:38/4604;Lithuania:36/1048;Belarus:25/759;Germany:22/10834;Hungary:15/1120;Romania:11/570;Austria:10/856;United States:7/20227;England:4/12257,I13863;I34375;I8432;cay007;I1414;ZMOJ;I1701;cch115;I0867;ulu007;ulu009;I35819;cch120;cch124;cch205;cch289;cch312;cch466;cch495;cch505;cch247;cch310;I29141;cch134;cch157;cch162;cch175;cch245;cch246;SdlH,Akbari et al. 2026;Waldman et al. 2022;Lazaridis et al. 2022;Rohland et al. 2022;Altınışık et al. 2022;Lazaridis et al. 2016;Feldman et al. 2019 (Nat. Commun.);Yüncü et al. 2025;Koptekin et al. 2025;Yaka et al. 2021;Meyer et al. 2014,K:101/3778;Avotaynu:59/2534;Jewish_Ukraine-West:28/1008;Jewish_Heritage_Proj:16/1164;Polish:15/2617;Gesher_Galicia:15/299;JewishPodoliaArea:13/155;Belarus-SIG:5/97;Jewish_Polesie:5/40;H-SIG:4/124,64
K2a2a,founder,K2a2a,K2a2a,5.30,major Ashkenazi founder; Brook/Penninx 2019 (FTDNA K2a2a1),https://www.yfull.com/mtree/K2a2a/,https://discover.familytreedna.com/resources/mtdna/K2a2a.json,https://discover.familytreedna.com/mtdna/K2a2a/story,cached,cached,ok,4100 ybp,3200 ybp,107,AE-FU;AE-RK;CZ-71;FR-57;IT-AO;PL-14;RO-TM;RU-MOW;SA-01;SA-04;SK-NI;UA-18;UA-51,YF126355;YF115297;APPG7555915;ERS2705184;YF073657;YF071640;MF437089.1;MF437100.1;MF437109.1;MF437110.1;MF437133.1;MF437146.1;MF437147.1;MF437167.1;MF437172.1;MF437191.1;MF437199.1;MF437200.1;MF437214.1;MF437225.1,ok,-5233,-5374..-5093,-3353,-4033..-2712,4,2,Unknown Origin:286;Poland:63/5308;Ukraine:53/2102;Germany:40/10834;Russian Federation:30/4604;United Arab Emirates:22/365;Lithuania:18/1048;Romania:17/570;Belarus:16/759;Hungary:15/1120;Austria:11/856;Latvia:9/259,I22150;I30718;R11832;Human_Tsavo_H4;Sobibor9;Sobibor4;I1896;XN224;I27785;SCH016;XN206;FO113;I16518;I18694;I14148;I42896;I21848;I4088;I1907;R18_1;I5104;I14160;I48401;I7272;I29874;BOU2;KH201272;KH201322;WB12c1;SdlH,Akbari et al. 2026;Antonio et al. 2023;de Flamingh et al. 2024;Diepenbroek et al. 2021;Lipson et al. 2017;Rivollat et al. 2020;Gelabert et al. 2024;da Silva et al. 2025;Szécsényi-Nagy et al. 2025;Mathieson et al. 2018;Chylenski et al. 2017;Lazaridis et al. 2022;Allen Ancient Genome Diversity Project;Olalde et al. 2018;Arzelier et al. 2024;Krause-Kyora et al. 2025 (Research Square);Meyer et al. 2014,K:89/3778;Avotaynu:78/2534;Jewish_Ukraine-West:35/1008;Jewish_Heritage_Proj:15/1164;Polish:12/2617;JewishPodoliaArea:9/155;Gesher_Galicia:6/299;Belarus-SIG:6/97;UAE:6/86;Latvia:5/223,65
N1b2,founder,N1b2,N1b1b1,6.08,historical N1b2 = N1b1b1 on FTDNA/Brook,https://www.yfull.com/mtree/N1b2/,https://discover.familytreedna.com/resources/mtdna/N1b1b1.json,https://discover.familytreedna.com/mtdna/N1b1b1/story,cached,cached,ok,10200 ybp,10200 ybp,10,,YF067728;JQ245799.1;YF135744;YF112511;OM990730.1;OM990733.1;JQ245798.1;KM986527.1;YF017138;A,ok,-2349,-3144..-1619,-705,-1032..-397,6,124,Unknown Origin:307;Poland:86/5308;Ukraine:58/2102;Russian Federation:33/4604;Germany:29/10834;Lithuania:28/1048;Hungary:27/1120;Belarus:23/759;Romania:16/570;Austria:9/856;United States:6/20227;England:5/12257,SZ22;MX275;I38883;SZ13;I39569;I43300;I47178;I47181;I31762;I17940;I18662;I18637;I2431;I30300;TU918;PCA0480;Tep003;cch242;I0708;I22561;I18116;ART032;I20975;I14340;C2047;TIT021;CGG105920;ETM001;I4274;SdlH,Amorim et al. 2018;Furtwängler et al. 2020;Akbari et al. 2026;Gelabert et al. 2024;Allen Ancient Genome Diversity Project;Mathieson et al. 2018;Fowler et al. 2021;Stolarek et al. 2023;Kılınç et al. 2016;Yüncü et al. 2025;Mathieson et al. 2015;Szécsényi-Nagy et al. 2025;Lazaridis et al. 2022;Rohrlach et al. 2021;Skourtanioti et al. 2020;Nikitin et al. 2025;Kumar et al. 2022;McColl et al. 2024 (bioRxiv);Meyer et al. 2014,N-mtDNA:69/338;Avotaynu:86/2534;Jewish_Ukraine-West:42/1008;Jewish_Heritage_Proj:23/1164;Polish:16/2617;Gesher_Galicia:12/299;JewishPodoliaArea:9/155;IberianAshkenazmtDNA:7/334;JGSI:5/58;Scottish-Clans:4/4040,65
V7a2c1b,negative_control,V7a2c1b,V7a12a1,2.40,European control; Brook/Penninx 2019,https://www.yfull.com/mtree/V7a2c1b/,https://discover.familytreedna.com/resources/mtdna/V7a12a1.json,https://discover.familytreedna.com/mtdna/V7a12a1/story,cached,cached,ok,225 ybp,100 ybp,22,BY-HO;DE-BE;LT-PN;LT-VL,YF123098;YF122911;YF122871;YF120770;YF119327;YF119244;YF117479;YF117387;YF116758;YF116070;YF100337;YF092905;YF087467;YF083705;YF083232;KF162774.1;JQ703830.1;OR803751.1;YF108999;YF083739,ok,-561,-1005..-153,-371,-696..-66,4,39,Unknown Origin:97;Poland:23/5308;Ukraine:20/2102;Russian Federation:12/4604;Belarus:11/759;Romania:9/570;Hungary:8/1120;Lithuania:7/1048;Austria:5/856;Germany:4/10834;United States (Native American):2/2393;Latvia:2/259,Sobibor1;NDW107;NDW011;NDW051;RiesaX;DS27;DS70;DS5;I21228;PL072;I32378;CGG024700;I35670;MGS284;I40276;RKF046;VL24;I40352;I43373;IBEper161;I39901;NDW191;I39290;MN540499;RKF043;VEM008;I40610;KH181699;CHV002;SdlH,Diepenbroek et al. 2021;Gretzinger et al. 2025;Alterauge et al. 2021;Andreeva et al. 2025;Akbari et al. 2026;Golubiński et al. 2026;McColl et al. 2024 (bioRxiv);K. Wang et al. 2025;Gnecchi-Ruscone et al. 2024;PRJEB105039 (Ancient DNA from Viking Age individuals from Southern Latvia);Maróti et al. 2022;Maár et al. 2021;Översti et al. 2019;Romeyer-Dherbey et al. 2026;Lamnidis et al. 2018;Meyer et al. 2014,V:9/1340;Avotaynu:18/2534;Jewish_Ukraine-West:7/1008;Jewish_Heritage_Proj:5/1164;Polish:4/2617;Ukraine:3/327;Gesher_Galicia:3/299;JewishPodoliaArea:2/155;Suwalki_Lomza:2/70;JGSLI:2/29,61
U5a1f1a3,negative_control,U5a1f1a3,U5a1f1a3,0.37,European U5 control; Brook/Penninx 2019,https://www.yfull.com/mtree/U5a1f1a3/,https://discover.familytreedna.com/resources/mtdna/U5a1f1a3.json,https://discover.familytreedna.com/mtdna/U5a1f1a3/story,cached,cached,ok,2300 ybp,475 ybp,4,BY-HO;RO-SV,YF100336;YF094524;JQ704962.1;A,ok,-4782,-6204..-3493,591,336..826,0,15,Unknown Origin:23;Ukraine:6/2102;Belarus:4/759;Hungary:3/1120;Poland:2/5308;Romania:1/570,I18211;R473;KIL004;I6300;I8420;I6558;MJ-51;TAL003;I46849;I42347;R3476_3477;I46550;I22202;NEO166;NEO188;I22907;I26778;I0232;I24129;I23262;I42278;DRH011;I42571;I39183;I37597;I37900;I39889;I39134;I47105;SdlH,Patterson et al. 2022;Antonio et al. 2019;Gretzinger et al. 2022;Lazaridis et al. 2025;Zeng et al. 2025;Järve et al. 2019;Gnecchi-Ruscone et al. 2021;Akbari et al. 2026;Antonio et al. 2023;Allentoft et al. 2024;Mathieson et al. 2015;Narasimhan et al. 2019;Gretzinger et al. 2025;Meyer et al. 2014,U5a:4/1411;U5:3/2790;Avotaynu:5/2534;Polish:2/2617;Jewish_Heritage_Proj:2/1164;Jewish_Ukraine-West:2/1008;Gesher_Galicia:2/299;JGSLI:2/29;Ukraine:1/327;JewishPodoliaArea:1/155,64
L2a1l2a,non_european,L2a1l2a,L2a1l2a,2.20,deep African Ashkenazi lineage; Brook/Penninx 2019,https://www.yfull.com/mtree/L2a1l2a/,https://discover.familytreedna.com/resources/mtdna/L2a1l2a.json,https://discover.familytreedna.com/mtdna/L2a1l2a/story,cached,cached,ok,3300 ybp,1050 ybp,27,GB-LND;LT-SA;PL-12;PL-22;PL-24;RO-B,YF114660;YF113043;YF102542;YF094744;YF088281;YF086854;ERS1789544;JQ705049.1;EF657567.1;EU092687.1;JQ705185.1;JX266264.1;YF083923;ERS1789536;YF144644;YF129406;YF123162;YF122485;YF095117;YF019428,ok,-6836,-8252..-5523,-635,-981..-311,6,39,Unknown Origin:108;Poland:25/5308;Ukraine:15/2102;Russian Federation:13/4604;Lithuania:8/1048;Romania:8/570;Germany:7/10834;Hungary:6/1120;Belarus:5/759;Latvia:3/259;Austria:3/856;Israel:2/201,I13865;COV20126;I8095;I35185;I15148;I15499;I15546;I24488;I35633;I6325;I45388;I6257;I6332;I17475;I18520;I19143;I6327;ST1016;ROQ1;ROQ5;I13873;I13875;STM3;I19381;CHS34;CHS28;CHS04;CHS15;CHS33;SdlH,Waldman et al. 2022;González-Fortes et al. 2019;Harney et al. 2023;Akbari et al. 2026;Olalde et al. 2023;Sirak et al. 2021;Beneker et al. 2025;Pallarés-Viña et al. 2026;Brielle et al. 2023;Schroeder et al. 2015;Fleskes et al. 2021;Fleskes et al. 2023 (PNAS);Meyer et al. 2014,L2_mtDNA:15/290;Avotaynu:34/2534;Jewish_Heritage_Proj:10/1164;Gesher_Galicia:9/299;Jewish_Ukraine-West:8/1008;African:7/496;Polish:6/2617;JewishPodoliaArea:3/155;Russia-Slavic:2/368;Bessarabia:2/43,53
M1a1b1c,non_european,M1a1b1c,M1a1b1c,0.31,North African/Near Eastern M1 lineage,https://www.yfull.com/mtree/M1a1b1c/,https://discover.familytreedna.com/resources/mtdna/M1a1b1c.json,https://discover.familytreedna.com/mtdna/M1a1b1c/story,cached,cached,ok,6200 ybp,550 ybp,8,,YF141381;YF138348;YF137502;YF116059;YF112046;JQ705802.1;ERS1789531;A,ok,-5112,-6127..-4164,-77,-427..246,0,12,Unknown Origin:15;Germany:9/10834;Poland:7/5308;Hungary:3/1120;Argentina:1/316;Lithuania:1/1048;England:1/12257;Russian Federation:1/4604;United States:1/20227;France (Alsace):1/59;Ukraine:1/2102;France:1/4389,ROQ4;I4246;I15940;R11755;I21620;skh001;I8923;I8830;Khnum-Nakht;Nakht-Ankh;JK2963;I8809;I8820;JK2911;I44867;JK2981;I22434;I6858;I6861;JK2953;I42378;JK2130;I35951;I47068;JK2135;I29129;I36135;R10488;ID_25522;SdlH,Pallarés-Viña et al. 2026;Olalde et al. 2019;Fernandes et al. 2020 (Nat. Ecol. Evol);Moots et al. 2022;Ringbauer et al. 2025;Akbari et al. 2026;Simões et al. 2023;Prendergast et al. 2019;Drosou et al. 2018;Schuenemann et al. 2017;Antonio et al. 2023;Roca-Rada et al. 2025;Meyer et al. 2014,M1-mtDNA:3/65;M*:2/282;Jewish_Heritage_Proj:3/1164;Avotaynu:2/2534;Scottish-Clans:1/4040;Norway:1/2944;Germany-mtDNA:1/1290;H-SIG:1/124;JGSGW:1/26;NadwornaShtetl:1/25,59
M33c3,non_european,M33c3,M33c9b,0.34,FTDNA/Brook alias M33c9b,https://www.yfull.com/mtree/M33c3/,https://discover.familytreedna.com/resources/mtdna/M33c9b.json,https://discover.familytreedna.com/mtdna/M33c9b/story,cached,cached,ok,18400 ybp,1800 ybp,13,BY-MI;UA-32,YF132409;YF114894;YF114862;YF102787;YF100125;YF083877;YF067960;JQ702003.1;KP313552.1;KP313562.1;YF011656;YF009278;A,ok,-10626,-12860..-8571,-800,-2013..199,1,3,Unknown Origin:31;Lithuania:12/1048;Russian Federation:6/4604;Belarus:5/759;Ukraine:4/2102;Poland:2/5308;Latvia:2/259;United States:2/20227;Hungary:1/1120;Austria:1/856,F6-620;GoyetQ116-1;TAF014;La368;skh001;JpOd274;JpOd282;MabucoSM8;MabucoNM14_M;I11462;MabucoSM23_1;I11488;XingyiM12;Ma911;I30811x;I4246;I22804x;I11466;I15940;Burzahom3;Khnum-Nakht;Nakht-Ankh;Shimao_HJGD_2;I1137;XingyiM2;XingyiM5;I2731;XingyiW3;BUL001;SdlH,"Hajdinjak et al. 2021;Hublin et al. 2020;Posth et al. 2016;Q. Fu et al. 2016;Salem et al. 2025;van de Loosdrecht et al. 2018;McColl et al. 2018;Simões et al. 2023;Cooke et al. 2021;J. Ran et al. 2025;Narasimhan et al. 2019;Lazaridis et al. 2022;T. Wang et al. 2025 (Science);P. Du, K. Zhu, M. Wang et al. 2024;Olalde et al. 2019;Fernandes et al. 2020 (Nat. Ecol. Evol);Dwivedi et al. 2025;Drosou et al. 2018;Z. Chen et al. 2025;Lipson et al. 2018 (Sci.);Jeong et al. 2020;Meyer et al. 2014",M*:13/282;Avotaynu:11/2534;Jewish_Ukraine-West:4/1008;Locc_Family:3/18;Jewish_Heritage_Proj:2/1164;Gesher_Galicia:2/299;Polish:1/2617;Ukrainian:1/853;LiTUaniaPropria:1/697;H-SIG:1/124,52
N9a3a1b1,non_european,N9a3a1b1,N9a3c,0.52,FTDNA/Brook alias N9a3c,https://www.yfull.com/mtree/N9a3a1b1/,https://discover.familytreedna.com/resources/mtdna/N9a3c.json,https://discover.familytreedna.com/mtdna/N9a3c/story,cached,cached,ok,4400 ybp,450 ybp,11,BY-MA,YF139857;YF134853;YF124496;YF123106;YF118641;OQ732365.1;YF117156;YF071178;JQ703045.1;YF016375;A,ok,-955,-1568..-399,-323,-787..100,1,1,Unknown Origin:27;Poland:7/5308;Lithuania:5/1048;Belarus:5/759;Ukraine:4/2102;Russian Federation:2/4604;Hungary:1/1120;Austria:1/856;Turkey:1/1465;Germany:1/10834;Kazakhstan:1/89;Moldova:1/113,I14740;I22822x;JOY042;DSM_1067;HB2131;TEV003;I19102;M19S;M337;Muzhuzhuliang_4;WH_M14dong;YR_Didong_32;Zhoujiazhuang_6;La898;BLSM41;JZ24089572-C14-39;WD-WT1H16;I8492;C627;C4257;JinlianshanM63;DA39;ZLNR-1;JOY016;JOY018;DA65;RKC033;RKC047;SZODper566;SdlH,"Akbari et al. 2026;Waldman et al. 2022;PRJCA043601;H. Moon et al. 2026;H. Zhou et al. 2025;Jeong et al. 2020;Gyuris et al. 2025;J. Wang et al. 2025 (iScience);PRJCA048009;Z. Chen et al. 2025;PRJCA052891;McColl et al. 2018;C. Ning et al. 2020;R. Wang et al. 2025 (Mol. biol. evol.);Kumar et al. 2022;T. Wang et al. 2025 (Science);Damgaard, Marchi et al. 2018 (Nature);Gnecchi-Ruscone et al. 2024;Maróti et al. 2022;Maár et al. 2021;Meyer et al. 2014",N-mtDNA:7/338;Avotaynu:12/2534;Gesher_Galicia:4/299;Jewish_Ukraine-West:3/1008;Polish:2/2617;Jewish_Heritage_Proj:2/1164;Middle_East:2/799;Hebrew:2/464;Belarus-SIG:2/97;Anousim:1/302,55
A-a1b3a1,non_european,A-a1b3a1,,0.06,FTDNA A4i1; YFull-only public context,https://www.yfull.com/mtree/A-a1b3a1/,,,cached,,ok,3600 ybp,750 ybp,3,,OQ732697.1;YF085842;A,missing,,,,,,,,,,,
HV1b2,major_panel,HV1b2,HV1b2a,3.99,Costa/Grossman Near Eastern-associated lineage,https://www.yfull.com/mtree/HV1b2/,https://discover.familytreedna.com/resources/mtdna/HV1b2a.json,https://discover.familytreedna.com/mtdna/HV1b2a/story,cached,cached,ok,8400 ybp,3600 ybp,42,BY-HO;BY-MI;BY-VI;GR-42;IT-FI;LT-SA;LT-VL;RU-BRY;UA-71,EF657609.1;EF657676.1;YF131778;YF130974;YF129804;YF128843;YF125322;YF121723;YF121649;YF119294;YF117345;YF115882;YF114858;YF112650;YF108151;YF104272;YF103292;YF101428;YF101297;YF100338,ok,-4937,-6526..-3510,-1232,-2098..-467,1,1,Unknown Origin:193;Poland:53/5308;Belarus:37/759;Russian Federation:29/4604;Lithuania:23/1048;Ukraine:23/2102;Germany:9/10834;Hungary:7/1120;Austria:6/856;Romania:5/570;Latvia:4/259;Czech Republic:2/1255,Sobibor6;JK2896;I3965;ERS1790732;ALA018;I25568;I13980;UKR152;I15855;I22435;DZN003;I43810;I18184;I34927;I34935;I45365;I39593;SI-44;I1165;Xaghra1;ZO1006;HGC013;I14813;I2085;OTA002;I19323;I6441;KMR006;I18479;SdlH,Diepenbroek et al. 2021;Schuenemann et al. 2017;Agranat-Tamir et al. 2020;Haber et al. 2017;Skourtanioti et al. 2020;Akbari et al. 2026;Prendergast et al. 2019;Saag et al. 2025;Skourtanioti et al. 2025;Gnecchi-Ruscone et al. 2022;Haber et al. 2019 (Am. J. Hum. Genet.);Harney et al. 2018;Ariano et al. 2022;Ghalichi et al. 2024;Skourtanioti et al. 2023;Lazaridis et al. 2022;Narasimhan et al. 2019;Meyer et al. 2014,H:42/9050;HV1:1/1;Avotaynu:66/2534;DK_FGS:41/98;Jewish_Heritage_Proj:26/1164;Jewish_Ukraine-West:15/1008;HV*:15/344;Polish:8/2617;Suwalki_Lomza:6/70;H-SIG:5/124;Belarus-SIG:5/97,56
R0a,major_panel,R0a,R0a,2.52,combined R0a4a+R0a2m Brook frequencies,https://www.yfull.com/mtree/R0a/,https://discover.familytreedna.com/resources/mtdna/R0a.json,https://discover.familytreedna.com/mtdna/R0a/story,cached,cached,ok,13700 ybp,13700 ybp,770,AE-FU;AE-RK;AT-7;AZ-BAR;BG-03;BH-16;CZ-71;DJ-AS;DZ-30;DZ-35;DZ-44;EG-C;EG-GH;EG-IS;ER-MA;ES-B;ES-OR;ES-PM;ES-SA;ES-SG;GB-HCK;HU-CS;IL-D;IL-HA;IL-M;IL-Z;IQ-SD;IR-29;IT-NU;IT-RM;IT-SA;JO-AM;JO-BA;KW-AH;KW-FA;KW-KU;LT-KU;LY-NQ;MA-CHT;ME-16;MT-60;OM-BA;OM-SH;OM-ZU;PK-JK;PK-NA;PK-PB;PL-20;PT-01;PT-12;QA-,YF121433;OM194288.1;YF019483;I1699;ERS1360769;ERS1360702;KY797251.2;MH120677.1;YF062757;YF019486;PV621658.1;I22253;YF128121;YF125963;YF121320;ERS1360736;HM185256.1;YF143048;PV621758.1;PV621759.1,ok,-30062,-35833..-24763,-25254,-29546..-21272,2,,Unknown Origin:703;Saudi Arabia:148/846;Yemen:65/319;Italy:39/3838;United Arab Emirates:31/365;Poland:26/5308;Germany:25/10834;United States:25/20227;Kuwait:24/189;Turkey:22/1465;Eritrea:16/35;Ethiopia:16/193,I1687;I1707;I1699;I1708;I1183;I40548;I1166;I22852;TRB013;I1917;I25719;I1730;I4933;I3966;AID002;LP110_3;I18487;JK2870;1622bM;I22284;I31068;Egypt2516;I22253;I24184;JK2986;KY797251;KY797253;SFI-35;JK2136;SdlH,Lazaridis et al. 2016;Lazaridis et al. 2022;Allen Ancient Genome Diversity Project;Lazaridis et al. 2025;Akbari et al. 2026;Harney et al. 2018;Lipson et al. 2025;Skourtanioti et al. 2025;Mathieson et al. 2018;Olalde et al. 2018;Agranat-Tamir et al. 2020;Skourtanioti et al. 2023;Roca-Rada et al. 2025 (iScience);Schuenemann et al. 2017;Ringbauer et al. 2025;Wurst et al. 2024;Matisoo-Smith et al. 2018;Haber et al. 2020;Meyer et al. 2014,R0amtDNA:41/45;R_mtDNA:77/194;Avotaynu:47/2534;Middle_East:47/799;Arab_Tribes:39/498;Khaleej:22/329;SaudiArabia:22/216;Jewish_Heritage_Proj:21/1164;ArabWorld:19/277;Armenia:13/756,50
U7a5,major_panel,U7a5,U7a5,1.55,Near Eastern/West Asian panel row,https://www.yfull.com/mtree/U7a5/,https://discover.familytreedna.com/resources/mtdna/U7a5.json,https://discover.familytreedna.com/mtdna/U7a5/story,cached,cached,ok,3600 ybp,325 ybp,16,DE-HH;UA-18;UA-21;UA-63;US-VA,PX337223.1;GMP03809;OR449223.1;YF123184;YF122662;YF117522;YF117140;YF116273;YF115124;YF114895;YF102125;YF087058;YF072203;JQ703913.1;JQ703978.1;A,ok,-5439,-6724..-4255,-474,-809..-159,5,28,Unknown Origin:71;Lithuania:13/1048;Ukraine:12/2102;Poland:11/5308;Russian Federation:7/4604;Germany:4/10834;Belarus:4/759;Austria:3/856;Hungary:1/1120;England:1/12257,I7527;I8524;I13821;BOE003;C2048;I10411;I1784;I4272;I4285;I12445;I10000;LMO-8;DA19;I16191;KMR021;DS19;R11540;DS3;I12120;I11522;I6146;UKR051;L8001;I12129;L8630;L8633;R11714;I42367;R68;SdlH,"Lazaridis et al. 2025;Narasimhan et al. 2019;Akbari et al. 2026;Ghalichi et al. 2024;Kumar et al. 2022;Lazaridis et al. 2022;Schütz et al. 2025;Damgaard, Marchi et al. 2018 (Nature);Skourtanioti et al. 2025;Andreeva et al. 2025;Antonio et al. 2023;Saag et al. 2025;Kumar et al. 2021;Antonio et al. 2019;Meyer et al. 2014",U7:13/110;Avotaynu:18/2534;Jewish_Heritage_Proj:10/1164;Jewish_Ukraine-West:10/1008;Polish:4/2617;JewishPodoliaArea:3/155;RohatynShtetl:3/27;LiTUaniaPropria:2/697;Gesher_Galicia:2/299;GerSIG:2/153,65
U1b1a1,major_panel,U1b1a1,U1b1,0.80,FTDNA public parent U1b1,https://www.yfull.com/mtree/U1b1a1/,https://discover.familytreedna.com/resources/mtdna/U1b1.json,https://discover.familytreedna.com/mtdna/U1b1/story,cached,cached,ok,6300 ybp,175 ybp,12,BY-VI;PL-12;RU-LEN,OR365506.1;OR347873.1;YF119673;OQ835717.1;YF092399;YF063488;JQ705704.1;YF004377;YF091003;YF072560;YF003806;A,ok,-11191,-13955..-8686,-6208,-7725..-4817,5,4,Unknown Origin:63;Poland:9/5308;Belarus:6/759;Romania:5/570;Turkey:5/1465;Ukraine:5/2102;Lithuania:4/1048;Russian Federation:4/4604;England:3/12257;Austria:3/856;Hungary:2/1120;Armenia:2/273,IKI024;I6272;I40512;I26459;R114;I38608;I14853;I41751;I47160;b22-1;I11794;NSK007;I46696;AB123;I42532;I39462;I44720;PF19;COL_130;KDper16;I39592;I41600;ST0028;IAF003;I43141;I6457;I4349;Mentesh23;Mentesh26;SdlH,Skourtanioti et al. 2020;Akbari et al. 2026;C.-C. Wang et al. 2019;Antonio et al. 2019;Waldman et al. 2022;Blöcher et al. 2023;Ringbauer et al. 2025;Skourtanioti et al. 2025;Andreeva et al. 2025;Ravasini et al. 2024;Tian et al. 2024;Maróti et al. 2022;Beneker et al. 2025;Lazaridis et al. 2022;Narasimhan et al. 2019;Guarino-Vignon et al. 2023;Meyer et al. 2014,U1_mtDNA:16/147;Avotaynu:13/2534;Jewish_Heritage_Proj:4/1164;Jewish_Ukraine-West:3/1008;Gesher_Galicia:2/299;Jewish_Polesie:2/40;Ireland-mtDNA:1/2187;LiTUaniaPropria:1/697;H-SIG:1/124;Bailey-New_Eng:1/38,65
H7,major_panel,H7,H7e,1.90,European H control,https://www.yfull.com/mtree/H7/,https://discover.familytreedna.com/resources/mtdna/H7e.json,https://discover.familytreedna.com/mtdna/H7e/story,cached,cached,ok,12400 ybp,9100 ybp,876,AL-06;AT-3;AT-9;AU-NSW;AU-TAS;AU-WA;BA-BIH;BA-SRP;BG-02;BG-04;BG-08;BG-09;BG-14;BG-21;BR-RJ;BR-SC;CA-ON;CN-XJ;CZ-20;DE-BW;DE-NI;DE-NW;DE-RP;DE-SN;DK-81;DK-82;DK-84;DK-85;ES-AB;ES-BA;ES-CN;ES-CO;ES-GI;ES-GR;ES-LE;ES-M;ES-NA;ES-PM;FI-LS;FR-35;FR-39;FR-44;FR-53;GB-OXF;GB-PLY;GB-SOM;GB-SWA;GB-WGN;GB-ZET,PX400638.1;PV621812.1;I5099;AHP137;YF134139;YF131442;YF129564;YF129430;YF129010;YF128396;YF127386;YF126902;YF126893;YF120929;YF118505;YF117366;YF116083;YF115591;YF115002;YF111640,ok,-4746,-4888..-4606,-1220,-1651..-816,5,34,Unknown Origin:106;Poland:33/5308;Germany:18/10834;Ukraine:18/2102;Lithuania:13/1048;Belarus:10/759;Russian Federation:9/4604;Romania:5/570;Hungary:4/1120;Austria:4/856;United States:3/20227;Switzerland:1/1277,I42266;I35085;I43817;BRC012x;GRK008;PER08;bad017;I40181;I40190;I30423;I21899;I2375;NP665;I18696;I16523;I29887;ANI163;I5115;I38917;I0785;I29769;I5099;I18117;I7137;I14157;I15619;I18154;Niedertiefenbach23;Niedertiefenbach32;SdlH,Akbari et al. 2026;Gretzinger et al. 2025;Gînguță et al. 2023;Koptekin et al. 2025;Gelabert et al. 2024;Lipson et al. 2017;da Silva et al. 2025;Szécsényi-Nagy et al. 2025;Mathieson et al. 2018;Lazaridis et al. 2022;Immel et al. 2021 (Commun. Biol.);Meyer et al. 2014,H7:44/596;H:23/9050;Avotaynu:41/2534;Jewish_Heritage_Proj:14/1164;Jewish_Ukraine-West:10/1008;Polish:9/2617;Gesher_Galicia:8/299;Germany-mtDNA:4/1290;Hebrew:3/464;JewishPodoliaArea:2/155,54
H6a1a1a,major_panel,H6a1a1a,H6a1a1a,0.57,ambiguous H6 test case,https://www.yfull.com/mtree/H6a1a1a/,https://discover.familytreedna.com/resources/mtdna/H6a1a1a.json,https://discover.familytreedna.com/mtdna/H6a1a1a/story,cached,cached,ok,1600 ybp,400 ybp,16,ES-CS;ES-M;ES-MA;ES-NA;PT-13;TR-35;UA-71,YF146846;YF117092;YF116572;YF112884;MZ921311.1;YF067978;YF063168;EF556185.1;YF107955;YF090558;JQ702509.1;EF657756.1;YF111068;ERS1789559;ERS1789522;A,ok,-3035,-3702..-2409,-497,-897..-127,4,7,Unknown Origin:36;Poland:6/5308;Russian Federation:5/4604;Belarus:4/759;Ukraine:4/2102;Lithuania:3/1048;Turkey:2/1465;Spain:2/2037;Spain (Castile and León):1/25;Hungary:1/1120;Romania:1/570;Macedonia:1/73,I14852;KKN100;I26991;I44139;I33824;I40945;I39075;I10486;I10414;I2777;I17744;I12243;HAN004;VOR003;I8440;I20083;I6581;I26306;I40037;I1065;I19016;I19017;I19019;I19020;I1064;I4071;I40024;I4568;STE04;SdlH,Akbari et al. 2026;Waldman et al. 2022;Gill et al. 2025;Lazaridis et al. 2025;Nikitin et al. 2025;Saag et al. 2021;Lazaridis et al. 2022;Olalde et al. 2018;Narasimhan et al. 2019;Allen Ancient Genome Diversity Project;Croze et al. 2025;Meyer et al. 2014,H6:6/597;H:4/9050;H6a1a_10936T:2/56;Avotaynu:14/2534;Jewish_Heritage_Proj:5/1164;Polish:3/2617;IberianPeninsulaDNA:3/1616;Jewish_Ukraine-West:2/1008;Casa_de_Espana:2/867;LiTUaniaPropria:2/697,63
J1c7a,major_panel,J1c7a,J1c7a15,2.30,European J1c control,https://www.yfull.com/mtree/J1c7a/,https://discover.familytreedna.com/resources/mtdna/J1c7a15.json,https://discover.familytreedna.com/mtdna/J1c7a15/story,cached,cached,ok,3600 ybp,2100 ybp,146,AU-SA;BY-HO;BY-VI;CA-BC;DE-BY;DE-NI;FI-ES;FI-IS;FI-LS;HU-BZ;HU-FE;LT-VL;NO-18;PL-06;PL-18;PL-20;SE-AC;SE-BD;SE-O;SE-Y;UA-12;UA-32;US-GA;US-OH;US-VA,EF657300.1;EF657569.1;YF144452;YF133856;YF131065;YF128906;YF128868;YF126708;YF125211;YF124217;YF124130;YF119646;YF119602;YF118533;YF117975;YF115941;YF115649;YF115015;YF111069;YF109894,ok,-1711,-2173..-1275,-60,-441..290,0,9,Unknown Origin:6;Scotland:4/4570;United States:3/20227;Netherlands:2/1399;Germany:2/10834;United States (Native American):1/2393;Belgium:1/387,PCA0057;I24846;ALH_1;OBM004;Wh5;I47329;I47703;irh230;ihr240;I40101;I35266;I17310;I16544;I20834;I18691;I2754;Ora-3058;I18996;I2417;HOP003;I20182;ROM304;I43923;I19366;I45420;I31846;I29940;I29159;I38140;SdlH,Stolarek et al. 2023;Akbari et al. 2026;Veeramah et al. 2018;Gretzinger et al. 2025;Blöcher et al. 2026;Ivarsson-Aalders et al. 2025;Harney et al. 2026;Patterson et al. 2022;Szécsényi-Nagy et al. 2025;Lipson et al. 2017;Paladin et al. 2023;Olalde et al. 2018;Papac et al. 2021;Lazaridis et al. 2022;Croze et al. 2025;Meyer et al. 2014,J-mtDNA:1/3329;Scottish-Clans:2/4040;YourScottishAncestry:2/1386;FrenchHeritage:1/3173;Polish:1/2617;ScottishmtDNA:1/2145;Forrest_Finn:1/872;SwedishColonialSociety:1/146;SudetenGermanBavarian:1/27,63
T2,major_panel,T2,T2,4.8,Costa 2013 S9 European-source Ashkenazi T lineage,https://www.yfull.com/mtree/T2/,https://discover.familytreedna.com/resources/mtdna/T2.json,https://discover.familytreedna.com/mtdna/T2/story,cached,cached,ok,11600 ybp,11600 ybp,4269,AE-AZ;AE-DU;AL-07;AT-3;AT-4;AT-5;AT-6;AU-ACT;AU-NSW;AU-QLD;AZ-BA;AZ-SKR;BA-SRP;BE-VAN;BE-VLI;BE-VWV;BE-WHT;BE-WLG;BE-WLX;BG-01;BG-03;BG-04;BG-07;BG-11;BG-15;BG-18;BG-24;BR-PE;BR-PR;BR-RJ;BR-RS;BR-SP;BY-BR;BY-HO;BY-VI;CA-BC;CA-NB;CA-NL;CA-NS;CA-ON;CA-QC;CH-AG;CH-BE;CH-LU;CH-ZH;CN-XJ;CO-ANT;CZ-10;CZ-2,MGS157;CGG107424;I20526;R44;YF068213;R11112;BOT-2;I5101;YF128928;YF119923;YF118952;YF116764;YF116365;OM194260.1;YF105815;YF093571;YF092728;ERS1360731;MH593242.1;YF067086,ok,-12014,-14221..-9966,-11670,-13444..-10004,56,23,Unknown Origin:9837;United States:1579/20227;England:1029/12257;Germany:831/10834;Ireland:742/10024;Sweden:624/9241;United Kingdom:439/6304;France:351/4389;Poland:340/5308;Scotland:340/4570;Finland:279/7749;Italy:253/3838,cch180;cch254;cch163;cch3418;cch508;cch531;cch076;cch080;cch348;cch322;cch129;cch146;cch275;cch346;cch463;cch476;bad022;bad024;bad033;I1101;I1099;I11949;NEO555;pft004;LEPE39;I2215;I10431;I0700;I0704;SdlH,Yüncü et al. 2025;Yaka et al. 2021;Koptekin et al. 2025;Mathieson et al. 2015;Lazaridis et al. 2025;Lazaridis et al. 2022;Allentoft et al. 2024;Hofmanova et al. 2022 (bioRxiv);Mathieson et al. 2018;Akbari et al. 2026;Meyer et al. 2014,T2:2490/2503;T_FGS:705/913;Scottish-Clans:313/4040;Sweden:298/4172;CumberlandGap-mtDNA:264/2895;FrenchHeritage:234/3173;Finland:217/5307;Norway:213/2944;Polish:184/2617;T2_Ancient_Wales:177/177,58
W,major_panel,W,W,1.6,Costa 2013 S9 European-source Ashkenazi W lineage,https://www.yfull.com/mtree/W/,https://discover.familytreedna.com/resources/mtdna/W.json,https://discover.familytreedna.com/mtdna/W/story,cached,cached,ok,14600 ybp,14600 ybp,1327,AL-09;AT-3;AT-4;AU-NSW;BA-SRP;BE-WNA;BG-04;BG-16;BG-17;BG-23;BG-28;BR-RS;BY-HO;BY-MI;BY-VI;CA-ON;CA-SK;CN-HE;CN-HL;CN-SH;CN-XJ;CN-XZ;CU-02;CZ-10;CZ-20;CZ-63;CZ-64;DE-BE;DE-BW;DE-NW;DE-SL;DK-81;DK-83;DK-84;DK-85;DZ-39;EE-67;EE-84;ER-MA;ES-AV;ES-CN;ES-CO;ES-SA;FI-ES;FI-IS;FI-LL;FI-LS;FI-OL;FR-02;FR-04,ERS1360700;YF071141;DQ112938.2;YF127835;YF126146;YF124597;YF124592;YF124301;YF116895;YF116527;YF112083;YF111737;YF111080;YF103398;YF101336;MZ846273.1;YF092997;MZ920671.1;YF090915;SRS8752447,ok,-34877,-42559..-27912,-9625,-11441..-7938,9,11,Unknown Origin:2405;United States:431/20227;Finland:327/7749;England:226/12257;Ireland:187/10024;Germany:185/10834;Poland:161/5308;Sweden:161/9241;France:104/4389;United Kingdom:92/6304;Russian Federation:89/4604;Italy:85/3838,I1097;I17981;I1880;I39501;I39310;I30414;I30430;I15070;I43849;I39478;I27776;I24281;HBS005;DER013;DER002;I24871;TR112;TR44;TR76;TR83;I1900;I41071;I23096;I39700;I40506;I14163;I2657;I12438;prs012;SdlH,Mathieson et al. 2015;Lazaridis et al. 2022;Akbari et al. 2026;Lipson et al. 2017;Gelabert et al. 2024;Rivollat et al. 2020;Childebayeva et al. 2022;da Silva et al. 2025;Szécsényi-Nagy et al. 2025;Olalde et al. 2018;Fowler et al. 2021;Sánchez-Quinto et al. 2019;Meyer et al. 2014,W:1741/1755;Finland:205/5307;Sweden:95/4172;Scottish-Clans:80/4040;FrenchHeritage:77/3173;Polish:76/2617;Norway:67/2944;WestEuropeanW5a1lineages:66/86;Avotaynu:57/2534;ScandinavianmtDNA:47/2213,53
I,major_panel,I,I,1.3,Costa 2013 S9 European-source Ashkenazi I lineage,https://www.yfull.com/mtree/I/,https://discover.familytreedna.com/resources/mtdna/I.json,https://discover.familytreedna.com/mtdna/I/story,cached,cached,ok,8300 ybp,8300 ybp,1466,AL-03;AT-3;AT-9;AZ-NX;BA-BIH;BA-SRP;BB-08;BE-VAN;BE-VBR;BE-VWV;BG-22;BR-BA;BR-PI;BR-SP;BY-VI;CA-AB;CA-NB;CA-NL;CA-NS;CA-ON;CH-BE;CN-XJ;CN-XZ;CY-01;CZ-10;CZ-20;CZ-41;CZ-42;CZ-71;DE-BW;DE-NI;DE-NW;DK-83;DK-85;DZ-27;EE-78;EG-MN;EG-MNF;ES-AL;ES-B;ES-BA;ES-CC;ES-CN;ES-CR;ES-CU;ES-GI;ES-J;ES-L;ES-LU;ES-MU,DQ489507.1;YF145240;PQ825626.1;YF137233;YF124882;YF123943;OM194264.1;OM990714.1;OM990715.1;OM990728.1;IBE;KF146252.1;HGDP00730;KF451252.1;I3931;AHP22;YF133524;YF122204;YF117292;ERS10463903,ok,-27626,-32790..-22870,-16336,-19442..-13469,3,,Unknown Origin:3521;United States:546/20227;Ireland:421/10024;England:358/12257;Sweden:266/9241;Germany:257/10834;Scotland:220/4570;United Kingdom:207/6304;Finland:188/7749;Poland:106/5308;Norway:100/3811;France:90/4389,I3882;cch260;I3931;XN191;PG2001;I5894;I40501;I1160;I1178;I1674;ART039;ESY005;I2337;sha004;I14793;KUG004;I4483;SA6013;I24108;I12482;I18815;I5735;I8724;I10398;I10714;I33868;R5;I32872;STD002;SdlH,Lazaridis et al. 2022;Yüncü et al. 2025;Lazaridis et al. 2025;Rivollat et al. 2020;C.-C. Wang et al. 2019;Akbari et al. 2026;Harney et al. 2018;Lazaridis et al. 2016;Skourtanioti et al. 2020;Ghalichi et al. 2024;Narasimhan et al. 2019;Koptekin et al. 2023;Antonio et al. 2019;Papac et al. 2021;Meyer et al. 2014,I:1221/1221;Ireland-mtDNA:192/2187;Sweden:140/4172;Scottish-Clans:121/4040;Finland:114/5307;CumberlandGap-mtDNA:101/2895;ScottishmtDNA:84/2145;FrenchHeritage:82/3173;Norway:80/2944;ScandinavianmtDNA:64/2213,54
U4,major_panel,U4,U4,1.0,Costa 2013 European-source U4 lineage,https://www.yfull.com/mtree/U4/,https://discover.familytreedna.com/resources/mtdna/U4.json,https://discover.familytreedna.com/mtdna/U4/story,cached,cached,ok,12800 ybp,12800 ybp,1648,AF-NAN;AL-03;AL-05;AL-06;AL-10;AR-S;AT-3;AT-7;AT-9;AU-NSW;BA-BIH;BA-SRP;BE-VWV;BE-WNA;BG-12;BG-19;BG-22;BR-SP;BY-HR;BY-MA;CA-AB;CA-QC;CH-LU;CN-HK;CN-XJ;CZ-10;CZ-20;CZ-71;CZ-80;DE-BB;DE-BW;DE-BY;DE-HE;DE-NI;DE-RP;DE-SL;DE-SN;DE-ST;DE-TH;DK-81;DK-82;DK-83;DK-85;DZ-10;EE-37;EE-59;EE-74;EE-84;EE-86;ES-A,CGG106528;CGG107001;DA26;VK404;ERS2374309;I1732;CGG107007;YF143326;YF141157;YF137104;YF134488;YF122883;YF116156;GMP05136;YF109765;MK3003;YF103276;YF102336;MNP189772;YF101011,ok,-34964,-43538..-27272,-19110,-23827..-14862,2,,Unknown Origin:3169;United States:433/20227;Germany:336/10834;Sweden:309/9241;England:257/12257;Poland:205/5308;United Kingdom:174/6304;Finland:172/7749;Ireland:165/10024;Russian Federation:157/4604;Scotland:109/4570;Norway:92/3811,PES001;NEO202;NEO497;Min11;ukr125;Min5;I1733;I5234;NEO536;poz297;Min3;NEO17;I17821;SBj;NEO671;BDB001;UKR008;I4881;I12838;I6910;UZZ040;I0211;Popovo2;I10473;SJG001;Min8;NEO537;I10472;I4882;SdlH,Saag et al. 2021;Allentoft et al. 2024;Hofmanova et al. 2022 (bioRxiv);Mattila et al. 2023;Mathieson et al. 2018;Akbari et al. 2026;Allen Ancient Genome Diversity Project;Günther et al. 2018;Childebayeva et al. 2022;Rivollat et al. 2020;Saag et al. 2025;Zeng et al. 2025;Lazaridis et al. 2025;He Yu et al. 2022;Mathieson et al. 2015;Olalde et al. 2026;Mittnik et al. 2018;Ghalichi et al. 2024;Meyer et al. 2014,U4:1112/1112;Sweden:122/4172;Finland:114/5307;Scottish-Clans:96/4040;Polish:81/2617;CumberlandGap-mtDNA:74/2895;FrenchHeritage:64/3173;Norway:64/2944;ScottishmtDNA:55/2145;ScandinavianmtDNA:53/2213,56
H1,major_panel,H1,H1,3.0,Costa 2013 S9 European-source H subclade,https://www.yfull.com/mtree/H1/,https://discover.familytreedna.com/resources/mtdna/H1.json,https://discover.familytreedna.com/mtdna/H1/story,cached,cached,ok,12400 ybp,8900 ybp,8078,AE-SH;AF-KDZ;AL-05;AL-06;AM-GR;AR-B;AR-C;AT-3;AT-4;AT-5;AT-6;AT-7;AT-9;AU-ACT;AU-NSW;AU-QLD;AU-TAS;AU-VIC;AU-WA;BA-BIH;BA-BRC;BA-SRP;BE-VAN;BE-VLI;BE-VOV;BE-VWV;BE-WHT;BE-WLG;BE-WNA;BG-12;BG-14;BG-15;BG-16;BG-23;BG-25;BG-26;BG-27;BR-MA;BR-MG;BR-RS;BR-SP;BY-BR;BY-HO;BY-MA;BY-MI;CA-BC;CA-NL;CA-NS;CA-O,LEO083;CGG107453;CGG106717;CGG023700;CGG022432;CGG019438;CGG023687;CGG107489;CGG107429;AHP66;YF118723;YF117507;ERS10463901;TAQ012;EF657406.1;EF657261.1;DQ112827.2;DQ112863.2;DQ489508.1;DQ112767.2,ok,-8131,-9428..-6911,-5203,-5262..-5144,346,245,Unknown Origin:19401;United States:2903/20227;England:2014/12257;Germany:1702/10834;Sweden:1550/9241;Finland:1539/7749;Ireland:1398/10024;United Kingdom:1013/6304;Scotland:742/4570;Poland:688/5308;France:658/4389;Norway:598/3811,I3433;I21906;I39473;I39558;I39906;I39238;I39286;I40207;XN175;I5205;I0795;I2037;I17936;DER011;DER004;I15650;I3719;GRG012;GRG077;GRG088;I4064;TR17;GRG027;GRG064;GRG103;GRG011;GRG004;GRG065;GRG007;SdlH,Akbari et al. 2026;Allen Ancient Genome Diversity Project;Mathieson et al. 2018;Gelabert et al. 2024;Rivollat et al. 2020;Haak et al. 2015;Mathieson et al. 2015;Lipson et al. 2017;Childebayeva et al. 2022;Rohrlach et al. 2021;Patterson et al. 2022;Lazaridis et al. 2025;Rivollat et al. 2023;Fernandes et al. 2020 (Nat. Ecol. Evol);da Silva et al. 2025;Meyer et al. 2014,H1:4139/4264;H:2324/9050;Finland:1001/5307;Sweden:716/4172;Scottish-Clans:662/4040;FrenchHeritage:458/3173;Norway:452/2944;CumberlandGap-mtDNA:437/2895;ScandinavianmtDNA:399/2213;Polish:346/2617,52
H3,major_panel,H3,H3,1.5,Costa 2013 S9 European-source H subclade,https://www.yfull.com/mtree/H3/,https://discover.familytreedna.com/resources/mtdna/H3.json,https://discover.familytreedna.com/mtdna/H3/story,cached,cached,ok,12400 ybp,9000 ybp,2336,AL-09;AT-3;AT-7;AT-9;AU-NSW;AU-QLD;AU-TAS;AU-VIC;AU-WA;BA-SRP;BE-VAN;BE-VWV;BG-07;BG-23;BR-PB;CA-AB;CA-BC;CA-NL;CA-NS;CA-ON;CA-QC;CH-BE;CH-BL;CH-GR;CH-VD;CH-VS;CU-02;CZ-31;CZ-42;CZ-53;DE-BW;DE-HB;DE-HE;DE-HH;DE-NI;DE-NW;DE-RP;DE-SN;DK-81;DK-82;DK-83;DK-84;DK-85;DZ-13;DZ-16;DZ-42;EE-78;ES-A;ES-AB;ES-,MT588288.1;AM260582.1;AM260633.1;DQ112929.2;DQ489504.1;EF657283.1;EF657386.1;EF657440.1;EF657634.1;PQ825603.1;YF139041;CGG023653;CGG023685;YF133912;YF132892;YF129221;GMP03758;YF126054;YF122877;YF121269,ok,-8131,-9428..-6911,-4705,-4764..-4646,195,158,Unknown Origin:6027;United States:930/20227;Ireland:669/10024;England:646/12257;Germany:429/10834;Sweden:331/9241;United Kingdom:295/6304;France:254/4389;Finland:245/7749;Scotland:211/4570;Norway:151/3811;Poland:123/5308,GRG031;TR22;I4303;GRG013;GRG021;GRG038;GRG039;GRG069;I11624;GRG024;VEL702;I7433;I7434;PRI005;PRI006;I37544;I37573;I37579;I38180;I38184;I38207;I38209;I38313;I38321;I38345;I38457;I38464;I15032;I2796;SdlH,Rivollat et al. 2023;da Silva et al. 2025;Olalde et al. 2018;Rivollat et al. 2020;Akbari et al. 2026;Croze et al. 2025;Patterson et al. 2022;Meyer et al. 2014,H3:1288/1317;H:900/9050;Scottish-Clans:187/4040;Sweden:178/4172;Finland:166/5307;FrenchHeritage:163/3173;CumberlandGap-mtDNA:156/2895;Ireland-mtDNA:132/2187;Norway:124/2944;NIFHS:120/1975,52
H5,major_panel,H5,H5,1.5,Costa 2013 S9 European-source H subclade,https://www.yfull.com/mtree/H5/,https://discover.familytreedna.com/resources/mtdna/H5.json,https://discover.familytreedna.com/mtdna/H5/story,cached,cached,ok,8900 ybp,7200 ybp,2004,AL-11;AT-3;AT-4;AT-7;AU-NSW;AU-VIC;AZ-AGM;AZ-QAZ;BA-BIH;BA-SRP;BE-VAN;BE-VOV;BE-VWV;BG-02;BG-06;BG-16;BG-17;BG-22;BG-24;BG-25;BR-RS;BR-SP;BY-BR;BY-MI;CA-AB;CA-NL;CA-NS;CA-ON;CH-BE;CN-HE;CN-XJ;CZ-10;CZ-20;CZ-31;CZ-32;CZ-42;CZ-52;DE-BE;DE-BW;DE-BY;DE-NW;DE-RP;DK-81;DK-84;DK-85;DZ-15;DZ-47;EE-44;EE-84;,SMT025;I16535;CGG107534;RKF137;I24879;I1580;R50;ERS1360720;YF143846;YF143356;PQ825645.1;YF134858;YF121461;YF115698;YF110649;YF105806;YF105346;YF102497;I19357;YF093489,ok,-6440,-6777..-6110,-6410,-6524..-6297,85,57,Unknown Origin:4672;United States:697/20227;England:465/12257;Germany:449/10834;Ireland:337/10024;United Kingdom:280/6304;Sweden:221/9241;Poland:185/5308;Italy:172/3838;France:139/4389;Norway:127/3811;Scotland:126/4570,bad026;I1580;I0679;I5071;I1297;I6354;I40188;I40195;I40198;I39909;I40203;I10349;I42733;SCH010;I7894;I18659;I48232;I14150;I16535;ROS45;I40541;I11906;I10053;I10061;I20502;I29765;I40510;I4814;I20821;SdlH,Koptekin et al. 2025;Akbari et al. 2026;Allen Ancient Genome Diversity Project;Lazaridis et al. 2022;Mathieson et al. 2015;Mathieson et al. 2018;Gelabert et al. 2024;Marciniak et al. 2022;Rivollat et al. 2020;Szécsényi-Nagy et al. 2025;Brunel et al. 2020;Harney et al. 2021;Novak et al. 2021;Fowler et al. 2021;Meyer et al. 2014,H5:924/993;H:636/9050;Scottish-Clans:142/4040;Polish:107/2617;Sweden:105/4172;FrenchHeritage:101/3173;Finland:92/5307;Norway:88/2944;CumberlandGap-mtDNA:86/2895;ScottishmtDNA:77/2145,54
HV1a,major_panel,HV1a,HV1a,1.5,Costa 2013 S9 Near Eastern-source HV1 lineage,https://www.yfull.com/mtree/HV1a/,https://discover.familytreedna.com/resources/mtdna/HV1a.json,https://discover.familytreedna.com/mtdna/HV1a/story,cached,cached,ok,10500 ybp,9000 ybp,138,AR-B;CN-NM;CN-XJ;EG-LX;ES-MA;FR-17;FR-35;GE-KK;HU-GS;HU-SZ;IL-M;IL-TA;PG-MPM;QA-RA;RU-BU;RU-KB;RU-ORL;SA-04;SA-06;SY-HL;TJ-KT;TR-52;TR-58;TR-61;TR-79;US-CA,UKR053;YF125302;UKR066;YF141440;YF088359;SRS8752666;SRS8752810;KJ856750.1;HM852761.1;MF362727.1;IBE;YF123202;MK491451.1;FJ460547.2;KJ856752.1;KF148433.1;KF148442.1;KF148549.1;YF139646;MF362861.1,ok,-10451,-12123..-8884,-10421,-12078..-8867,7,3,Unknown Origin:161;Turkey:22/1465;France:16/4389;United States:11/20227;Italy:11/3838;Poland:9/5308;Russian Federation:7/4604;Yemen:6/319;England:6/12257;Germany:5/10834;Canada:5/2116;Saudi Arabia:4/846,Xaghra1;ZO1006;I14813;I2085;OTA002;I19323;KMR006;I18479;I20972;UKR066;I4353;I24946;I19324;NBG002;I46700;AS30;KMR027;I5723;SKH005;JK2979;NOK003;AG3034;I5255;I21856;I22381;UKR053;I19958;I28289;JK2872;SdlH,Ariano et al. 2022;Ghalichi et al. 2024;Lazaridis et al. 2022;Narasimhan et al. 2019;Skourtanioti et al. 2025;Akbari et al. 2026;Saag et al. 2025;Andreeva et al. 2025;Schuenemann et al. 2017;Ringbauer et al. 2025;Meyer et al. 2014,H:28/9050;HV1:0/1;Armenia:18/756;HV*:15/344;FrenchHeritage:9/3173;GenealogieQuebec:8/804;DK_FGS:8/98;Middle_East:7/799;Polish:6/2617;Scots-Irish:5/1481;Meliks:5/112,53
