"class","freq","N","lambda","copies_ge","prob"
"major",0.043,600,25.8,1,0.99999999999376
"major",0.043,600,25.8,2,0.999999999832761
"major",0.043,600,25.8,3,0.999999997755879
"major",0.043,600,25.8,4,0.999999979894696
"major",0.043,600,25.8,5,0.999999864690062
"major",0.043,600,25.8,6,0.999999270234149
"minor",0.015,600,9,1,0.999876590195913
"minor",0.015,600,9,2,0.998765901959133
"minor",0.015,600,9,3,0.993767804893623
"minor",0.015,600,9,4,0.978773513697091
"minor",0.015,600,9,5,0.945036358504895
"minor",0.015,600,9,6,0.884309479158942
"thin_minor",0.0068,600,4.08,1,0.983092534347295
"thin_minor",0.0068,600,4.08,2,0.914110074484257
"thin_minor",0.0068,600,4.08,3,0.773385856363661
"thin_minor",0.0068,600,4.08,4,0.582000919719649
"thin_minor",0.0068,600,4.08,5,0.386788284342758
"thin_minor",0.0068,600,4.08,6,0.227494773875214
"absorbed_G0",0.001,600,0.6,1,0.451188363905974
"absorbed_G0",0.001,600,0.6,2,0.121901382249558
"absorbed_G0",0.001,600,0.6,3,0.023115287752633
"absorbed_G0",0.001,600,0.6,4,0.003358068853248
"absorbed_G0",0.001,600,0.6,5,0.000394486018340256
"absorbed_G0",0.001,600,0.6,6,3.88560781513265e-05
