"parameter","value","lambda_major","prob_ge2_major","prob_ge3_major"
"sigma_major",0.01,0.1115,0.00577698296374293,0.000212780369696476
"sigma_major",0.02,0.2231,0.0214744394696334,0.00156674532101157
"sigma_major",0.03,0.3346,0.0449338825907847,0.00486921792692886
"sigma_major",0.04,0.4462,0.0743419509550278,0.0106335038224359
"sigma_major",0.06,0.6693,0.145189757274311,0.0305076654794626
"mu_hv",0.003,0.2335,0.0233595138047769,0.00178192826968929
"mu_hv",0.0043,0.3346,0.0449338825907847,0.00486921792692886
"mu_hv",0.006,0.4669,0.0803431799688666,0.0120035414798497
"founder_families",100,0.2231,0.0214744394696334,0.00156674532101157
"founder_families",150,0.3346,0.0449338825907847,0.00486921792692886
"founder_families",250,0.5577,0.108181600966663,0.0191436658665039
