"quantity","value"
"families_at_event",29556.2243957226
"total_mothers",511124.487914452
"n_private_haplotypes",1536.32794055211
"per_lineage_mutations",0.120231213872832
"freq_private",0.113284607886418
"expected_private_in_founders",16.9926911829627
"sigma_major_assumed",0.03
"sigma_major_dirichlet",0.0492816543300895
"lambda_major",0.509780735488882
"prob_ge2_major",0.0931845327097424
"prob_ge3_major",0.0151401081119961
"lambda_major_dirichlet",0.837427933016728
"prob_ge3_major_dirichlet",0.0529541153228672
