"offspring_model","growth_rate","prob_extinct","prob_one_descendant","prob_ge_three_descendants"
"poisson",1.1,0.813710378752672,0.001912381484379,0.182197088230076
"poisson",1.15,0.747625529736433,0.000949510929207265,0.250321850540699
"poisson",1.2,0.685245437364645,0.00040847133613645,0.31386433831082
"poisson",1.2382,0.641235538481024,0.000201282940312919,0.358323307197694
"poisson",1.28,0.596840715974438,8.89555774949741e-05,0.402963163068128
"poisson",1.3,0.576935017012229,5.94946586615259e-05,0.422933449640666
"poisson",1.35,0.530678365040204,2.12525305520297e-05,0.469274324820523
"poisson",1.4,0.488980615710961,7.40750002911209e-06,0.511002781751633
"geometric",1.1,0.902317607089233,0.000727835375452033,0.0962314603436044
"geometric",1.15,0.866907615954626,0.000406883207167837,0.132278322049678
"geometric",1.2,0.832316118926705,0.000204686424211361,0.167274739611985
"geometric",1.2382,0.80713745086496,0.000116183442682519,0.192630240264837
"geometric",1.28,0.781031983905085,6.11071758267917e-05,0.218845805760682
"geometric",1.3,0.76908181807895,4.47142290615861e-05,0.230828761846054
"geometric",1.35,0.740682599252817,2.03540843655145e-05,0.259276694176017
"geometric",1.4,0.714262573285681,9.2571498772187e-06,0.285718912713695
