"founder","parent","sibling","region","n","founder_line"
"K1a1b1a","K1a1b1","K1a1b1m","Europe",1,FALSE
"K1a1b1a","K1a1b1","K1a1b1i","Unknown",1,FALSE
"K1a1b1a","K1a1b1","K1a1b1a'o","Europe",77,TRUE
"K1a1b1a","K1a1b1","K1a1b1aa","Unknown",0,FALSE
"K1a1b1a","K1a1b1","K1a1b1v","Americas",1,FALSE
"K1a1b1a","K1a1b1","K1a1b1t","Unknown",0,FALSE
"K1a1b1a","K1a1b1","K1a1b1l","Unknown",0,FALSE
"K1a1b1a","K1a1b1","K1a1b1y","Unknown",0,FALSE
"K1a1b1a","K1a1b1","K1a1b1n","Unknown",0,FALSE
"K1a1b1a","K1a1b1","K1a1b1h","Europe",4,FALSE
"K1a1b1a","K1a1b1","K1a1b1p","Europe",5,FALSE
"K1a1b1a","K1a1b1","K1a1b1x","Unknown",1,FALSE
"K1a1b1a","K1a1b1","K1a1b1r","Unknown",0,FALSE
"K1a1b1a","K1a1b1","K1a1b1w","Unknown",0,FALSE
"K1a1b1a","K1a1b1","K1a1b1j","Europe",6,FALSE
"K1a1b1a","K1a1b1","K1a1b1u","Unknown",0,FALSE
"K1a1b1a","K1a1b1","K1a1b1s","Unknown",0,FALSE
"K1a1b1a","K1a1b1","K1a1b1b","Europe",6,FALSE
"K1a1b1a","K1a1b1","K1a1b1c^","Europe",8,FALSE
"K1a1b1a","K1a1b1","K1a1b1d^","Americas",3,FALSE
"K1a1b1a","K1a1b1","K1a1b1e","Europe",10,FALSE
"K1a1b1a","K1a1b1","K1a1b1f","Europe",3,FALSE
"K1a1b1a","K1a1b1","K1a1b1g'q'z","Europe",3,FALSE
"K1a9","K1a","K1a37","East_Asia",18,FALSE
"K1a9","K1a","K1a78","Unknown",1,FALSE
"K1a9","K1a","K1a61","Unknown",3,FALSE
"K1a9","K1a","K1a72","Unknown",0,FALSE
"K1a9","K1a","K1a77","Unknown",0,FALSE
"K1a9","K1a","K1a22","Unknown",1,FALSE
"K1a9","K1a","K1a33^","Anatolia",2,FALSE
"K1a9","K1a","K1a138","Unknown",0,FALSE
"K1a9","K1a","K1a56'151","Central_South_Asia",2,FALSE
"K1a9","K1a","K1a137","Unknown",1,FALSE
"K1a9","K1a","K1a46","Arabia_Mesopotamia",2,FALSE
"K1a9","K1a","K1a81'139","Unknown",1,FALSE
"K1a9","K1a","K1a47","Europe",1,FALSE
"K1a9","K1a","K1a129","Unknown",0,FALSE
"K1a9","K1a","K1a97","Americas",1,FALSE
"K1a9","K1a","K1a67","Unknown",0,FALSE
"K1a9","K1a","K1a132","Europe",2,FALSE
"K1a9","K1a","K1a68","Europe",1,FALSE
"K1a9","K1a","K1a28'48'49","Anatolia",4,FALSE
"K1a9","K1a","K1a110","Unknown",0,FALSE
"K1a9","K1a","K1a96","Unknown",0,FALSE
"K1a9","K1a","K1a133","Unknown",1,FALSE
"K1a9","K1a","K1a136","Unknown",1,FALSE
"K1a9","K1a","K1a135","Unknown",0,FALSE
"K1a9","K1a","K1a1","Europe",210,FALSE
"K1a9","K1a","K1a130","Unknown",0,FALSE
"K1a9","K1a","K1a50","Unknown",0,FALSE
"K1a9","K1a","K1a128","Europe",3,FALSE
"K1a9","K1a","K1a83","Anatolia",5,FALSE
"K1a9","K1a","K1a89","Arabia_Mesopotamia",1,FALSE
"K1a9","K1a","K1a52^","Unknown",0,FALSE
"K1a9","K1a","K1a127^","Unknown",1,FALSE
"K1a9","K1a","K1a103","Anatolia",4,FALSE
"K1a9","K1a","K1a141","Unknown",1,FALSE
"K1a9","K1a","K1a123^","Anatolia",1,FALSE
"K1a9","K1a","K1a35","Europe",21,FALSE
"K1a9","K1a","K1a62","Unknown",0,FALSE
"K1a9","K1a","K1a69","Anatolia",1,FALSE
"K1a9","K1a","K1a125'153","Europe",1,FALSE
"K1a9","K1a","K1a+199","Unknown",1,FALSE
"K1a9","K1a","K1a41","Levant",21,FALSE
"K1a9","K1a","K1a147","Europe",1,FALSE
"K1a9","K1a","K1a105^","Unknown",1,FALSE
"K1a9","K1a","K1a90","Unknown",0,FALSE
"K1a9","K1a","K1a75","Levant",1,FALSE
"K1a9","K1a","K1a63""134","Europe",12,FALSE
"K1a9","K1a","K1a113^","Europe",1,FALSE
"K1a9","K1a","K1a20","Unknown",0,FALSE
"K1a9","K1a","K1a34","Unknown",0,FALSE
"K1a9","K1a","K1a112'150","Unknown",1,FALSE
"K1a9","K1a","K1a79^","Unknown",2,FALSE
"K1a9","K1a","K1a91^","Unknown",0,FALSE
"K1a9","K1a","K1a11'44","Europe",25,FALSE
"K1a9","K1a","K1a126","Unknown",0,FALSE
"K1a9","K1a","K1a40^","Unknown",0,FALSE
"K1a9","K1a","K1a39^","Anatolia",3,FALSE
"K1a9","K1a","K1a80","Unknown",0,FALSE
"K1a9","K1a","K1a53","Europe",4,FALSE
"K1a9","K1a","K1a92^","Europe",1,FALSE
"K1a9","K1a","K1a98","Unknown",3,FALSE
"K1a9","K1a","K1a131","Unknown",0,FALSE
"K1a9","K1a","K1a114","Unknown",0,FALSE
"K1a9","K1a","K1a118^","Anatolia",1,FALSE
"K1a9","K1a","K1a84","Unknown",1,FALSE
"K1a9","K1a","K1a142^","Unknown",1,FALSE
"K1a9","K1a","K1a99","Unknown",0,FALSE
"K1a9","K1a","K1a59","Unknown",1,FALSE
"K1a9","K1a","K1a60^","Unknown",0,FALSE
"K1a9","K1a","K1a116","Unknown",1,FALSE
"K1a9","K1a","K1a122","Europe",2,FALSE
"K1a9","K1a","K1a+16209","Europe",1,FALSE
"K1a9","K1a","K1a104","Unknown",2,FALSE
"K1a9","K1a","K1a148","Europe",2,FALSE
"K1a9","K1a","K1a85","Unknown",2,FALSE
"K1a9","K1a","K1a121^","Unknown",0,FALSE
"K1a9","K1a","K1a115","Europe",2,FALSE
"K1a9","K1a","K1a145","Unknown",0,FALSE
"K1a9","K1a","K1a88","Anatolia",2,FALSE
"K1a9","K1a","K1a107","Europe",1,FALSE
"K1a9","K1a","K1a87^","Levant",1,FALSE
"K1a9","K1a","K1a106","Unknown",0,FALSE
"K1a9","K1a","K1a38","Unknown",0,FALSE
"K1a9","K1a","K1a86","Europe",1,FALSE
"K1a9","K1a","K1a14^^","Europe",4,FALSE
"K1a9","K1a","K1a55^","Unknown",1,FALSE
"K1a9","K1a","K1a58","Unknown",0,FALSE
"K1a9","K1a","K1a94","Unknown",0,FALSE
"K1a9","K1a","K1a57","Unknown",0,FALSE
"K1a9","K1a","K1a109","Unknown",0,FALSE
"K1a9","K1a","K1a117","Unknown",0,FALSE
"K1a9","K1a","K1a54","Europe",1,FALSE
"K1a9","K1a","K1a146","Unknown",0,FALSE
"K1a9","K1a","K1a119","Unknown",1,FALSE
"K1a9","K1a","K1a95","Unknown",0,FALSE
"K1a9","K1a","K1a124","Unknown",0,FALSE
"K1a9","K1a","K1a102","Unknown",0,FALSE
"K1a9","K1a","K1a144","North_Africa",1,FALSE
"K1a9","K1a","K1a111","Unknown",0,FALSE
"K1a9","K1a","K1a149","Unknown",0,FALSE
"K1a9","K1a","K1a82","Unknown",0,FALSE
"K1a9","K1a","K1a101","Unknown",0,FALSE
"K1a9","K1a","K1a108","Unknown",0,FALSE
"K1a9","K1a","K1a100","Europe",2,FALSE
"K1a9","K1a","K1a143","Unknown",2,FALSE
"K1a9","K1a","K1a152","Unknown",0,FALSE
"K1a9","K1a","K1a10","Europe",21,FALSE
"K1a9","K1a","K1a12","Unknown",1,FALSE
"K1a9","K1a","K1a12a","Anatolia",31,FALSE
"K1a9","K1a","K1a13","Europe",22,FALSE
"K1a9","K1a","K1a15","Unknown",4,FALSE
"K1a9","K1a","K1a16","Unknown",4,FALSE
"K1a9","K1a","K1a17","Europe",12,FALSE
"K1a9","K1a","K1a18","Unknown",3,FALSE
"K1a9","K1a","K1a19","Anatolia",15,FALSE
"K1a9","K1a","K1a2","Europe",48,FALSE
"K1a9","K1a","K1a23","Europe",2,FALSE
"K1a9","K1a","K1a24","Europe",9,FALSE
"K1a9","K1a","K1a25","Unknown",2,FALSE
"K1a9","K1a","K1a26","Europe",7,FALSE
"K1a9","K1a","K1a27'45","Anatolia",5,FALSE
"K1a9","K1a","K1a29","Unknown",4,FALSE
"K1a9","K1a","K1a3","Europe",63,FALSE
"K1a9","K1a","K1a30","Europe",7,FALSE
"K1a9","K1a","K1a31","Anatolia",3,FALSE
"K1a9","K1a","K1a4","Europe",407,FALSE
"K1a9","K1a","K1a5","Europe",15,FALSE
"K1a9","K1a","K1a7","Anatolia",4,FALSE
"K1a9","K1a","K1a8","North_Africa",12,FALSE
"K1a9","K1a","K1a9","Europe",26,TRUE
"K2a2a","K2a1""2a","K2a36","Unknown",0,FALSE
"K2a2a","K2a1""2a","K2a55","Europe",1,FALSE
"K2a2a","K2a1""2a","K2a65","Unknown",0,FALSE
"K2a2a","K2a1""2a","K2a19","Americas",1,FALSE
"K2a2a","K2a1""2a","K2a62","Unknown",1,FALSE
"K2a2a","K2a1""2a","K2a1""2a+195","Unknown",1,FALSE
"K2a2a","K2a1""2a","K2a1""2a+16129","Unknown",1,FALSE
"K2a2a","K2a1""2a","K2a61","Unknown",1,FALSE
"K2a2a","K2a1""2a","K2a13","Unknown",1,FALSE
"K2a2a","K2a1""2a","K2a41","Americas",2,FALSE
"K2a2a","K2a1""2a","K2a12","Unknown",2,FALSE
"K2a2a","K2a1""2a","K2a17","Unknown",1,FALSE
"K2a2a","K2a1""2a","K2a16","Europe",1,FALSE
"K2a2a","K2a1""2a","K2a8","Americas",21,FALSE
"K2a2a","K2a1""2a","K2a18^","Unknown",1,FALSE
"K2a2a","K2a1""2a","K2a27^","Unknown",0,FALSE
"K2a2a","K2a1""2a","K2a42","Americas",1,FALSE
"K2a2a","K2a1""2a","K2a43","Unknown",0,FALSE
"K2a2a","K2a1""2a","K2a20","Unknown",0,FALSE
"K2a2a","K2a1""2a","K2a28","Unknown",0,FALSE
"K2a2a","K2a1""2a","K2a33","Unknown",1,FALSE
"K2a2a","K2a1""2a","K2a29^","Unknown",0,FALSE
"K2a2a","K2a1""2a","K2a56","Unknown",0,FALSE
"K2a2a","K2a1""2a","K2a64","Unknown",0,FALSE
"K2a2a","K2a1""2a","K2a52","Unknown",0,FALSE
"K2a2a","K2a1""2a","K2a46","Unknown",0,FALSE
"K2a2a","K2a1""2a","K2a35","Unknown",0,FALSE
"K2a2a","K2a1""2a","K2a45","Unknown",0,FALSE
"K2a2a","K2a1""2a","K2a21","Unknown",0,FALSE
"K2a2a","K2a1""2a","K2a44","Unknown",0,FALSE
"K2a2a","K2a1""2a","K2a26","Unknown",0,FALSE
"K2a2a","K2a1""2a","K2a47","Unknown",0,FALSE
"K2a2a","K2a1""2a","K2a32","Unknown",0,FALSE
"K2a2a","K2a1""2a","K2a15","Europe",2,FALSE
"K2a2a","K2a1""2a","K2a58","Unknown",0,FALSE
"K2a2a","K2a1""2a","K2a53","Unknown",0,FALSE
"K2a2a","K2a1""2a","K2a48","Unknown",0,FALSE
"K2a2a","K2a1""2a","K2a40^","Unknown",0,FALSE
"K2a2a","K2a1""2a","K2a31","Unknown",0,FALSE
"K2a2a","K2a1""2a","K2a30","Unknown",0,FALSE
"K2a2a","K2a1""2a","K2a1""2a+16222","Unknown",0,FALSE
"K2a2a","K2a1""2a","K2a25","Unknown",0,FALSE
"K2a2a","K2a1""2a","K2a59","Europe",1,FALSE
"K2a2a","K2a1""2a","K2a39","Unknown",0,FALSE
"K2a2a","K2a1""2a","K2a60","Unknown",0,FALSE
"K2a2a","K2a1""2a","K2a37","Unknown",0,FALSE
"K2a2a","K2a1""2a","K2a6","Europe",47,FALSE
"K2a2a","K2a1""2a","K2a1'23^","Americas",2,FALSE
"K2a2a","K2a1""2a","K2a10","Europe",7,FALSE
"K2a2a","K2a1""2a","K2a11'54","Europe",5,FALSE
"K2a2a","K2a1""2a","K2a2","Unknown",1,FALSE
"K2a2a","K2a1""2a","K2a2a","Arabia_Mesopotamia",39,TRUE
"K2a2a","K2a1""2a","K2a3","Europe",30,FALSE
"K2a2a","K2a1""2a","K2a4","Europe",7,FALSE
"K2a2a","K2a1""2a","K2a5","Europe",27,FALSE
"K2a2a","K2a1""2a","K2a7","Unknown",5,FALSE
"N1b2","N1b","N1b1","Europe",126,FALSE
"N1b2","N1b","N1b2","Sub_Saharan_Africa",8,TRUE
