"clade","region","n"
"K1a1b1a","Levant",0
"K1a1b1a","Arabia_Mesopotamia",0
"K1a1b1a","Anatolia",0
"K1a1b1a","Caucasus",0
"K1a1b1a","North_Africa",0
"K1a1b1a","Europe",24
"K1a1b1a","Central_South_Asia",1
"K1a1b1a","East_Asia",0
"K1a1b1a","Sub_Saharan_Africa",0
"K1a1b1a","Oceania",0
"K1a1b1a","Americas",6
"K1a1b1a","Unknown",45
"K1a9","Levant",0
"K1a9","Arabia_Mesopotamia",0
"K1a9","Anatolia",0
"K1a9","Caucasus",0
"K1a9","North_Africa",0
"K1a9","Europe",5
"K1a9","Central_South_Asia",0
"K1a9","East_Asia",0
"K1a9","Sub_Saharan_Africa",0
"K1a9","Oceania",0
"K1a9","Americas",0
"K1a9","Unknown",21
"K2a2a","Levant",0
"K2a2a","Arabia_Mesopotamia",20
"K2a2a","Anatolia",0
"K2a2a","Caucasus",0
"K2a2a","North_Africa",0
"K2a2a","Europe",5
"K2a2a","Central_South_Asia",0
"K2a2a","East_Asia",0
"K2a2a","Sub_Saharan_Africa",0
"K2a2a","Oceania",0
"K2a2a","Americas",1
"K2a2a","Unknown",13
"N1b2","Levant",0
"N1b2","Arabia_Mesopotamia",1
"N1b2","Anatolia",0
"N1b2","Caucasus",0
"N1b2","North_Africa",0
"N1b2","Europe",0
"N1b2","Central_South_Asia",0
"N1b2","East_Asia",0
"N1b2","Sub_Saharan_Africa",2
"N1b2","Oceania",0
"N1b2","Americas",0
"N1b2","Unknown",5
"K1a1b1","Levant",0
"K1a1b1","Arabia_Mesopotamia",0
"K1a1b1","Anatolia",0
"K1a1b1","Caucasus",0
"K1a1b1","North_Africa",0
"K1a1b1","Europe",56
"K1a1b1","Central_South_Asia",1
"K1a1b1","East_Asia",0
"K1a1b1","Sub_Saharan_Africa",0
"K1a1b1","Oceania",0
"K1a1b1","Americas",8
"K1a1b1","Unknown",68
"K1a","Levant",9
"K1a","Arabia_Mesopotamia",14
"K1a","Anatolia",40
"K1a","Caucasus",4
"K1a","North_Africa",4
"K1a","Europe",400
"K1a","Central_South_Asia",3
"K1a","East_Asia",23
"K1a","Sub_Saharan_Africa",0
"K1a","Oceania",1
"K1a","Americas",48
"K1a","Unknown",594
"K2a","Levant",0
"K2a","Arabia_Mesopotamia",21
"K2a","Anatolia",0
"K2a","Caucasus",0
"K2a","North_Africa",0
"K2a","Europe",69
"K2a","Central_South_Asia",6
"K2a","East_Asia",2
"K2a","Sub_Saharan_Africa",0
"K2a","Oceania",0
"K2a","Americas",19
"K2a","Unknown",118
"N1b","Levant",10
"N1b","Arabia_Mesopotamia",9
"N1b","Anatolia",10
"N1b","Caucasus",0
"N1b","North_Africa",5
"N1b","Europe",32
"N1b","Central_South_Asia",1
"N1b","East_Asia",0
"N1b","Sub_Saharan_Africa",2
"N1b","Oceania",0
"N1b","Americas",1
"N1b","Unknown",64
