"haplogroup","tmrca","tmrca_lo","tmrca_hi","ntips"
"K1a",10866,10688.5248980591,11044.9161599957,6233
"K1a1b",10684.2,9441.68885270273,12002.40168884,1097
"K1a1b1",7222.45,6203.5170318135,8317.72337494003,891
"K1a1b1a",2834.2,2499.72125255343,3189.37535575784,562
"K1a9",2844.51,2486.30221607065,3226.47237201234,153
"K2a",13418.5,10617.3017551137,16542.6902648785,1276
"K2a2a",5378.82,4738.35378002935,6059.2944999115,198
"N1b",32345.7,26499.5146035831,38765.9105093331,708
"N1b2",5969.05,3002.0809309189,9938.49261499042,8
