"super_clade","haplogroup","country","region","year"
"K1a","K1a23c","Turkey","Anatolia",-8750
"K1a","K1a18b","Jordan","Levant",-8100
"K1a","K1a4","Turkey","Anatolia",-6600
"K1a","K1a4","Turkey","Anatolia",-6600
"K1a","K1a7d","Turkey","Anatolia",-6600
"K1a","K1a4","Turkey","Anatolia",-6600
"K1a","K1a7d","Turkey","Anatolia",-6600
"K1a","K1a18c^","Turkey","Anatolia",-6525
"K1a","K1a12a6c","Turkey","Anatolia",-6400
"K1a","K1a12a6c","Turkey","Anatolia",-6400
"K1a","K1a18c^","Turkey","Anatolia",-6400
"K1a","K1a17c","Turkey","Anatolia",-6400
