"lineage","group","label","post_mean_H2","post_lo","post_med","post_hi"
"K1a1b1a","founder",NA,0.956365825101472,0.788827150418728,0.990542330524674,0.999925036201494
"K1a9","founder",NA,0.945572854510346,0.759208808396405,0.981504499045406,0.999165472607165
"K2a2a","founder",NA,0.996161295907841,0.984918563418854,0.999978036740346,0.999999992578827
"N1b2","founder",NA,0.743351914858902,0.162969715183246,0.856704277293886,0.995366771616514
"V7a2c1b","eu_control",0,0.166802958473452,0.0270547498225924,0.12974439450371,0.436061711173542
"U5a1f1a3","eu_control",0,0.0250316187009016,0.00049578470534061,0.00924980632845121,0.102515507230338
"L2a1l2a","noneu_control",1,0.979130659952965,0.906334396344852,0.994866570867333,0.999777069407396
"M1a1b1c","noneu_control",1,0.952680057361793,0.736433176644622,0.993587542053188,0.999921298721957
"M33c3","noneu_control",1,0.994012200992574,0.979918880401577,0.9998978440624,0.999999638404823
"N9a3a1b1","noneu_control",1,0.930393457276019,0.611176443345766,0.989529962269259,0.999879929275539
"A-a1b3a1","noneu_control",1,0.841269402602443,0.320872014279314,0.94387094706713,0.998983104396106
"HV1b2","panel",1,0.802316375257948,0.477116683184026,0.84768595188207,0.971776635631575
"R0a","panel",1,0.979598298598264,0.904613962073495,0.995644791061368,0.999893781811328
"U7a5","panel",1,0.841023025328134,0.553993533032792,0.882419497350231,0.979140934845599
"U1b1a1","panel",1,0.616957073978895,0.281889160716006,0.636784029578333,0.88960547622037
"H7","panel",0,0.145575234637552,0.0207700698988348,0.108963847394268,0.396916674812323
"H6a1a1a","panel",NA,0.207975219516319,0.029443443660348,0.165609351526569,0.530419885643151
"J1c7a","panel",0,0.0554677929887612,0.00174783444071099,0.0235468242173884,0.222703100468004
"T2","panel",0,0.0306337605616989,0.000451293733301962,0.00921885811164025,0.136230109299641
"W","panel",0,0.147199380318216,0.0220755845034708,0.110807129578596,0.399754545315197
"I","panel",0,0.206700059322145,0.0353422362912564,0.167839359827542,0.510096081043692
"U4","panel",0,0.111747443947821,0.0135708611428948,0.0780642038560426,0.331002312491027
"H1","panel",0,0.0608118762226128,0.000136013121242329,0.00795961401342245,0.347903555540603
"H3","panel",0,0.185485411468474,0.0100410188222977,0.112897376370912,0.611158539047019
"H5","panel",0,0.0553132507290798,0.00340108786396351,0.0290806175558757,0.19905973192413
"HV1a","panel",1,0.855736998521347,0.542849338036428,0.906810238185267,0.988011452789757
"K1a4a","panel",NA,0.316710830506152,0.0826309676642304,0.288499843333312,0.639979515355372
