"lineage","group","label","rarity","depth_kyr","carriers","pub_adj","nest_frac","z_freq","z_time","z_nest"
"K1a1b1a","founder",NA,0.210419287835575,10.7,4,0.12,0.0387611811099356,0.565948821932863,1.9711285787712,-0.114330908150458
"K1a9","founder",NA,0.661543506395395,10.7,0,0.105135921512174,0.0387611811099356,0.920822976368379,0.725945802638731,-0.114330908150458
"K2a2a","founder",NA,0.361510743045363,0,2,0.0979868488875948,0.504950495049505,0.674489750196082,0.417641895331053,3.38918217001582
"N1b2","founder",NA,0.595166283380062,8.35,1,0.10225602088776,-0.0769876232431299,0.791638607743374,0.814707074275355,-0.984208096896234
"V7a2c1b","eu_control",0,-1.47453783709721,0,1,0,0.0188487009679062,-0.565948821932863,-0.396060629214438,-0.263977484145053
"U5a1f1a3","eu_control",0,-1.62066171194029,2.964,0,-0.130102999566398,-0.0274213156828313,-0.920822976368379,-1.14458222395581,-0.611706622535051
"L2a1l2a","noneu_control",1,1.44655553569322,0,1,0.0876515905296397,0.145445223038797,1.06757052387814,0.0710696392939355,0.687422639074469
"M1a1b1c","noneu_control",1,1.73560881601711,0,1,0,0.0623168587614769,1.80274309073919,-0.396060629214438,0.0626950816128807
"M33c3","noneu_control",1,1.73560881601711,0,0,0,0.326339647587493,1.80274309073919,-0.687552173279507,2.04688319130813
"N9a3a1b1","noneu_control",1,1.73560881601711,0,0,0,0.0588235294117647,1.80274309073919,-0.687552173279507,0.0364419593359398
"A-a1b3a1","noneu_control",1,-0.560145839849048,0.4,0,-0.0602059991327962,0.246948844455985,0.0896423510757625,-0.976519112659267,1.45024421066128
"HV1b2","panel",1,-0.29865041014668,0,0,0.078885728471337,0.0749306197964847,0.36610635680057,-0.267138678217676,0.157490211894959
"R0a","panel",1,-0.29865041014668,8.7,1,0.12,0.192364170337739,0.36610635680057,0.937179790048579,1.04002863101907
"U7a5","panel",1,-0.29865041014668,9.9,0,0,0.0612057063966866,0.36610635680057,0.10184490153119,0.0543445323285555
"U1b1a1","panel",1,-0.599571221937503,3.285,1,0.0590615482261571,0.0259107734268459,0,0.18063820844673,-0.210904488949672
"H7","panel",0,-1.07661967215575,3.125,0,0,-0.0341651199560047,-0.271880005399261,-0.438373803705423,-0.662387763782143
"H6a1a1a","panel",NA,-0.900546615369659,0,0,0,-0.0135635018495685,-0.0896423510757625,-0.687552173279507,-0.507562167593891
"J1c7a","panel",0,-1.72980386977305,9.8,0,0,-0.0260869565217391,-1.24186679184332,0.0938711937048195,-0.601678626113701
"T2","panel",0,-1.84250630068163,8.85,0,0,-0.0409000783879744,-1.46523379268552,0.0181209693542979,-0.713002426627828
"W","panel",0,-1.41239217078155,8.288,0,0,-0.0386926219658736,-0.463707751457179,-0.0266912686299053,-0.696412916287153
"I","panel",0,-1.07661967215575,8.35,0,0,-0.0408719346049046,-0.271880005399261,-0.0217475697775555,-0.712790920037896
"U4","panel",0,-1.52889378613956,3.128,0,0,0.00590422042422916,-0.674489750196082,-0.438134592470632,-0.361258042748163
"H1","panel",0,-2.23293300629794,0,4,0.12,-0.0888382687927107,-1.80274309073919,1.11794184134954,-1.07326824998471
"H3","panel",0,-1.64086462520388,0,2,0.12,0.00704934541792551,-1.06757052387814,0.534958753219399,-0.352652181842328
"H5","panel",0,-1.59947293297693,8.3,0,0,-0.0712074303405573,-0.791638607743374,-0.0257344236907408,-0.940768702592331
"HV1a","panel",1,0.0527946325843549,3.39,0,0,0.105145413870246,0.463707751457179,-0.417243477965541,0.384560895469757
"K1a4a","panel",NA,-0.900546615369659,3.931,0,0,0.00233879051119279,-0.0896423510757625,-0.374105718624876,-0.388053016283801
