"config","lineage","group","post_mean_H2","post_lo","post_hi"
"brook_1kg","K1a1b1a","founder",0.956365825101472,0.788827150418728,0.999925036201494
"brook_1kg","K1a9","founder",0.945572854510346,0.759208808396405,0.999165472607165
"brook_1kg","K2a2a","founder",0.996161295907841,0.984918563418854,0.999999992578827
"brook_1kg","N1b2","founder",0.743351914858902,0.162969715183246,0.995366771616514
"brook_1kg","V7a2c1b","eu_control",0.166802958473452,0.0270547498225924,0.436061711173542
"brook_1kg","U5a1f1a3","eu_control",0.0250316187009016,0.00049578470534061,0.102515507230338
"brook_1kg","L2a1l2a","noneu_control",0.979130659952965,0.906334396344852,0.999777069407396
"brook_1kg","M1a1b1c","noneu_control",0.952680057361793,0.736433176644622,0.999921298721957
"brook_1kg","M33c3","noneu_control",0.994012200992574,0.979918880401577,0.999999638404823
"brook_1kg","N9a3a1b1","noneu_control",0.930393457276019,0.611176443345766,0.999879929275539
"brook_1kg","A-a1b3a1","noneu_control",0.841269402602443,0.320872014279314,0.998983104396106
"brook_1kg","HV1b2","panel",0.802316375257948,0.477116683184026,0.971776635631575
"brook_1kg","R0a","panel",0.979598298598264,0.904613962073495,0.999893781811328
"brook_1kg","U7a5","panel",0.841023025328134,0.553993533032792,0.979140934845599
"brook_1kg","U1b1a1","panel",0.616957073978895,0.281889160716006,0.88960547622037
"brook_1kg","H7","panel",0.145575234637552,0.0207700698988348,0.396916674812323
"brook_1kg","H6a1a1a","panel",0.207975219516319,0.029443443660348,0.530419885643151
"brook_1kg","J1c7a","panel",0.0554677929887612,0.00174783444071099,0.222703100468004
"brook_1kg","T2","panel",0.0306337605616989,0.000451293733301962,0.136230109299641
"brook_1kg","W","panel",0.147199380318216,0.0220755845034708,0.399754545315197
"brook_1kg","I","panel",0.206700059322145,0.0353422362912564,0.510096081043692
"brook_1kg","U4","panel",0.111747443947821,0.0135708611428948,0.331002312491027
"brook_1kg","H1","panel",0.0608118762226128,0.000136013121242329,0.347903555540603
"brook_1kg","H3","panel",0.185485411468474,0.0100410188222977,0.611158539047019
"brook_1kg","H5","panel",0.0553132507290798,0.00340108786396351,0.19905973192413
"brook_1kg","HV1a","panel",0.855736998521347,0.542849338036428,0.988011452789757
"brook_1kg","K1a4a","panel",0.316710830506152,0.0826309676642304,0.639979515355372
"brook_livni","K1a1b1a","founder",0.831648950540475,0.388917554616249,0.998714302826221
"brook_livni","K1a9","founder",0.761239177511775,0.426230676324759,0.970233419295383
"brook_livni","K2a2a","founder",0.9946911684843,0.987987555414219,0.999999996975668
"brook_livni","N1b2","founder",0.254608705598367,0.0164842504237313,0.762613803113148
"brook_livni","V7a2c1b","eu_control",0.505298545695534,0.235152461111875,0.775388716757025
"brook_livni","U5a1f1a3","eu_control",0.363947630675323,0.0443116181380366,0.830555706190187
"brook_livni","L2a1l2a","noneu_control",0.957554150468783,0.840474901977521,0.997759636182961
"brook_livni","M1a1b1c","noneu_control",0.821058789410024,0.566766598572741,0.963828323459003
"brook_livni","M33c3","noneu_control",0.990078361033878,0.955179980155252,0.999996914409932
"brook_livni","N9a3a1b1","noneu_control",0.740869969975899,0.429410611379945,0.941343382435397
"brook_livni","A-a1b3a1","noneu_control",0.828630925875568,0.228137583659466,0.999101381070662
"brook_livni","HV1b2","panel",0.702453970193768,0.417548151762793,0.907484145503283
"brook_livni","R0a","panel",0.962577916040383,0.819566031886819,0.999709586247738
"brook_livni","U7a5","panel",0.831444575674398,0.597961582701313,0.964671722779368
"brook_livni","U1b1a1","panel",0.626580836788639,0.328978867958642,0.875088918342816
"brook_livni","H7","panel",0.0589385956464388,0.00440310403440643,0.199974353320437
"brook_livni","H6a1a1a","panel",0.550925337682877,0.148318027186696,0.916848967127516
"brook_livni","J1c7a","panel",0.21648054128618,0.0440821401760861,0.511261653586274
"brook_livni","T2","panel",0.0415482388670315,0.000988108437816488,0.174725063059152
"brook_livni","W","panel",0.0787586911081063,0.00658307323925469,0.260171014923291
"brook_livni","I","panel",0.0469503936158767,0.00160287027086066,0.18739528317514
"brook_livni","U4","panel",0.0906152156110955,0.00592518936928906,0.301296440599018
"brook_livni","H1","panel",0.066945800108374,0.000442011440012764,0.333802706787893
"brook_livni","H3","panel",0.281478871994822,0.0401181538406933,0.68292607974867
"brook_livni","H5","panel",0.0326792848732648,0.000914142828462136,0.133878645738934
"brook_livni","HV1a","panel",0.73187302377836,0.385594409111256,0.948603757266257
"brook_livni","K1a4a","panel",0.146168454750578,0.024164111136127,0.382911417531429
"mitotree_only","K1a1b1a","founder",0.840368619855337,0.422714714815866,0.998754134141323
"mitotree_only","K1a9","founder",0.757275095811369,0.425779453034011,0.968187166568771
"mitotree_only","K2a2a","founder",0.997363672130421,0.995228190946185,0.999999999109389
"mitotree_only","N1b2","founder",0.622623843554927,0.0768258484039973,0.992357885199307
"mitotree_only","V7a2c1b","eu_control",0.490721137224021,0.228768746370221,0.757718387799842
"mitotree_only","U5a1f1a3","eu_control",0.372380893237611,0.0446443903545121,0.843558755149697
"mitotree_only","L2a1l2a","noneu_control",0.956593514139136,0.837017576310951,0.997815407267154
"mitotree_only","M1a1b1c","noneu_control",0.803320766080888,0.544432007165012,0.956551662515846
"mitotree_only","M33c3","noneu_control",0.989141543373353,0.949686089297478,0.999997343958877
"mitotree_only","N9a3a1b1","noneu_control",0.719035880027887,0.404011267784225,0.930637880237711
"mitotree_only","A-a1b3a1","noneu_control",0.905600369599313,0.487230008900194,0.999649217725167
"mitotree_only","HV1b2","panel",0.652342247574745,0.346201664180892,0.890534896648635
"mitotree_only","R0a","panel",0.967560834267527,0.843847696536589,0.999762272081895
"mitotree_only","U7a5","panel",0.824752604973643,0.591238671501908,0.961830492531533
"mitotree_only","U1b1a1","panel",0.619021584656164,0.327643369655428,0.866594546638143
"mitotree_only","H7","panel",0.0677769556615692,0.00676013518142696,0.213721342398361
"mitotree_only","H6a1a1a","panel",0.55622427619233,0.14309206370409,0.925989457336679
"mitotree_only","J1c7a","panel",0.20822640048974,0.0442456122512605,0.490085157407515
"mitotree_only","T2","panel",0.0467720652074064,0.00161031602002379,0.183644367271311
"mitotree_only","W","panel",0.0898158864769739,0.00986260604295803,0.274987916228253
"mitotree_only","I","panel",0.0529979145377861,0.00259606443880394,0.195611967163151
"mitotree_only","U4","panel",0.106008697467728,0.00957933786713303,0.320753573944462
"mitotree_only","H1","panel",0.0726937244550704,0.000660032104929445,0.355227864525345
"mitotree_only","H3","panel",0.318364502890202,0.0600091748334607,0.704597048409209
"mitotree_only","H5","panel",0.0363817879037607,0.00139089608847882,0.142772081770324
"mitotree_only","HV1a","panel",0.71519467249652,0.347263375310865,0.948425224556723
"mitotree_only","K1a4a","panel",0.156365720954582,0.0299917742687848,0.386935511408678
