"generation","year","phase","growth_ratio"
1,1323,"medieval_stasis",1.0009396660522
2,1349,"medieval_stasis",1.0009396660522
3,1375,"medieval_stasis",1.0009396660522
4,1401,"medieval_stasis",1.0009396660522
5,1427,"medieval_stasis",1.0009396660522
6,1453,"medieval_stasis",1.0009396660522
7,1479,"medieval_stasis",1.0009396660522
8,1505,"early_modern",1.36127794583099
9,1531,"early_modern",1.36127794583099
10,1557,"early_modern",1.36127794583099
11,1583,"early_modern",1.36127794583099
12,1609,"early_modern",1.36127794583099
13,1635,"early_modern",1.36127794583099
14,1661,"early_modern",1.36127794583099
15,1687,"early_modern",1.36127794583099
16,1713,"early_modern",1.36127794583099
17,1739,"early_modern",1.36127794583099
18,1765,"great_expansion",1.56146587904143
19,1791,"great_expansion",1.56146587904143
20,1817,"great_expansion",1.56146587904143
21,1843,"great_expansion",1.56146587904143
22,1869,"great_expansion",1.56146587904143
23,1895,"great_expansion",1.56146587904143
24,1921,"modern",1.0009396660522
25,1947,"modern",1.0009396660522
26,1973,"modern",1.0009396660522
27,1999,"modern",1.0009396660522
