"lineage_key","mitotree_node","match_method","macro_root","macro_europe_fraction","rarefy_root","ref_freq","ref_freq_source","nonjew_freq_subclade","nonjew_freq_1kg_clade","nonjew_freq_1kg_match","nonjew_freq_mitchell_macro","nonjew_freq","nonjew_freq_source","ne_depth_kyr","medieval_jewish_carriers","ne_richness","eu_richness","noneu_richness","ne_pool","eu_pool","pos_richness","neg_richness","pos_pool","neg_pool","pos_se","neg_se","modern_count","data_complete","panel"
"K1a1b1a","K1a1b1a","exact","K1a",0.732600732600733,"K1a",0.207,"brook",0.00163844893500819,NA,NA,0.083753,0.000615,"livni_skorecki",10.7,13,42.4375,29.8475,NA,67,371,42.4375,29.8475,67,371,11.1818994221338,10.6546770582991,76,TRUE,"founder"
"K1a9","K1a9","exact","K1a",0.732600732600733,"K1a",0.061,"brook",0.000341343528126707,NA,NA,0.083753,0.000217,"livni_skorecki",10.7,4,42.4375,29.8475,NA,67,371,42.4375,29.8475,67,371,11.1818994221338,10.6546770582991,26,TRUE,"founder"
"K2a2a","K2a2a","exact","K2a",0.58974358974359,"K2a",0.053,"brook",0.000273074822501365,NA,NA,0.083753,0.000434,"livni_skorecki",NA,0,1,1,NA,1,64,1,1,1,64,0,8.6753931375701e-16,39,TRUE,"founder"
"N1b2","N1b2","exact","N1b",0.457142857142857,"N1b",0.0608,"brook",3.41320226636631e-05,NA,NA,0.023427,0.000253,"livni_skorecki",8.35,1,13.255,15.0575,NA,28,32,13.255,15.0575,28,32,7.7024456617968,8.22102564939334,8,TRUE,"founder"
"V7a2c1b","V7a12a1","exact","V",0.906313645621181,"V",0.024,"brook",0.000136537411250683,0.0298210735586481,"V",0.026122,0.0298210735586481,"1kg_eur",NA,0,3.91,3.6125,NA,4,443,3.91,3.6125,4,443,0.842882629919225,0.69181426924136,5,TRUE,"eu_control"
"U5a1f1a3","U5a1f1a3","exact","U5",0.848891873740766,"U5",0.0037,"brook",3.41320226636631e-05,0.0417495029821074,"U5a1",0.135879,0.0417495029821074,"1kg_eur",4.676,0,26.0975,28.4875,NA,42,1264,26.0975,28.4875,42,1264,7.82618107864169,6.97957924066266,2,TRUE,"eu_control"
"L2a1l2a","L2a1l2a","exact","L2a",0.0380090497737557,"L2a",0.022,"brook",0.000136537411250683,0.000992063492063492,"L2a1l2a",0.00328,0.000136537411250683,"mitotree",NA,1,NA,15.7025,22.5625,NA,40,22.5625,15.7025,949,40,5.83798106957963,4.21986812204108,15,TRUE,"noneu_control"
"M1a1b1c","M1a1b1c","exact","M1a",0.266666666666667,"M1a",0.0031,"brook",6.82687056253413e-05,0.000992063492063492,"M1a1b1c",0.002343,6.82687056253413e-05,"mitotree",NA,1,NA,14.56,18.7925,NA,35,18.7925,14.56,95,35,4.94986899665411,5.14099938598681,2,TRUE,"noneu_control"
"M33c3","M33c9b","exact","M33",0,"M33",0.0034,"brook",6.82687056253413e-05,0.000992063492063492,"M33c3",0.002343,6.82687056253413e-05,"mitotree",NA,0,NA,NA,24,NA,NA,24,NA,39,NA,2.2489150823495,NA,4,TRUE,"noneu_control"
"N9a3a1b1","N9a3c","exact","N9a3",0.142857142857143,"N9a3",0.0052,"brook",6.82687056253413e-05,0.000992063492063492,"N9a3a1b1",0.023427,6.82687056253413e-05,"mitotree",NA,0,NA,1.5975,2.03,NA,3,2.03,1.5975,24,3,0.922359840059893,0.793606974563094,2,TRUE,"noneu_control"
"A-a1b3a1",NA,"none","A",0.115629984051037,"A",6e-04,"brook",NA,0.000992063492063492,"A-a1b3a1",0.003631,0.003631,"mitchell2014",0.4,0,NA,32.0975,54.195,NA,145,54.195,32.0975,278,145,20.1166690456497,13.4695084038581,0,FALSE,"noneu_control"
"HV1b2","HV1b2","exact","HV1b",0.25,"HV1b",0.0399,"brook",0.000409612233752048,0.00198807157057654,"HV1b2",0.015579,0.00198807157057654,"1kg_eur",NA,1,1,1,NA,15,1,1,1,15,1,3.38814224125348e-16,0,18,TRUE,"major_panel"
"R0a","R0a","exact","R0a",0.163090128755365,"R0a",0.0252,"brook",0.00259421081376297,0.00198807157057654,"R0a",0.003397,0.00198807157057654,"1kg_eur",8.7,1,NA,NA,NA,NA,NA,NA,NA,NA,NA,NA,NA,295,TRUE,"major_panel"
"U7a5","U7a5","exact","U7",0.195704057279236,"U7",0.0155,"brook",0.000136537411250683,0.00198807157057654,"U7a",0.135879,0.00198807157057654,"1kg_eur",9.9,0,24.1775,29.2175,NA,150,80,24.1775,29.2175,150,80,13.453324635745,16.3833942688755,4,TRUE,"major_panel"
"U1b1a1","U1b1","exact","U1",0.239669421487603,"U1",0.008,"brook",0.000273074822501365,0.00397614314115308,"U1",0.135879,0.00397614314115308,"1kg_eur",3.285,1,15.2275,14.5,NA,71,25,15.2275,14.5,71,25,5.43477122128101,5.09647280849406,11,TRUE,"major_panel"
"H7","H7","exact","H",0.82082401788566,"H",0.019,"brook",0.0163162206444566,0.0119284294234592,"H7",0.429659,0.0119284294234592,"1kg_eur",3.125,0,168.6125,175.43,NA,359,4900,168.6125,175.43,359,4900,70.2260704523466,73.8521977423839,401,TRUE,"major_panel"
"H6a1a1a","H6a1a1a","exact","H6",0.772893772893773,"H6",0.0057,"brook",3.41320226636631e-05,0.00795228628230616,"H6a1a",0.429659,0.00795228628230616,"1kg_eur",NA,3,6.47,5.6025,NA,9,211,6.47,5.6025,9,211,2.26858103222022,2.46915274915885,2,TRUE,"major_panel"
"J1c7a","J1c7a","exact","J1c",0.877,"J1c",0.023,"brook",0.00157018022938285,0.0536779324055666,"J1c",0.092421,0.0536779324055666,"1kg_eur",9.8,0,21.5725,23.485,NA,35,854,21.5725,23.485,35,854,5.41760682028032,7.55305081692534,53,TRUE,"major_panel"
"T2","T2","exact","T2",0.758928571428571,"T2",0.048,"brook",0.0638312397596942,0.0695825049701789,"T2",NA,0.0695825049701789,"1kg_eur",8.85,0,NA,NA,NA,NA,NA,NA,NA,NA,NA,NA,NA,1773,TRUE,"major_panel"
"W","W","exact","W",0.636160714285714,"W",0.016,"brook",0.0194565811032223,0.025844930417495,"W",NA,0.025844930417495,"1kg_eur",8.288,0,NA,NA,NA,NA,NA,NA,NA,NA,NA,NA,NA,598,TRUE,"major_panel"
"I","I","exact","I",0.770491803278688,"I",0.013,"brook",0.0320862916439104,0.0119284294234592,"I",NA,0.0119284294234592,"1kg_eur",8.35,0,NA,NA,NA,NA,NA,NA,NA,NA,NA,NA,NA,817,TRUE,"major_panel"
"U4","U4","exact","U4",0.750476190476191,"U4",0.01,"brook",0.0268978700163845,0.0337972166998012,"U4",NA,0.0337972166998012,"1kg_eur",3.128,0,NA,NA,NA,NA,NA,NA,NA,NA,NA,NA,NA,694,TRUE,"major_panel"
"H1","H1","exact","H",0.82082401788566,"H",0.03,"brook",0.131826870562534,0.170974155069582,"H1",0.429659,0.170974155069582,"1kg_eur",8.85,4,153.9775,156.9225,NA,329,3209,153.9775,156.9225,329,3209,63.7321509240313,59.5503449635098,3515,TRUE,"major_panel"
"H3","H3","exact","H",0.82082401788566,"H",0.015,"brook",0.0256690333151283,0.0437375745526839,"H3",0.429659,0.0437375745526839,"1kg_eur",8.85,1,175.2125,176.4425,NA,366,4764,175.2125,176.4425,366,4764,67.0362109437447,68.4669007246364,851,TRUE,"major_panel"
"H5","H5","exact","H",0.82082401788566,"H",0.015,"brook",0.0287411250682687,0.0377733598409543,"H5",0.429659,0.0377733598409543,"1kg_eur",8.3,1,169.45,176.2825,NA,335,4719,169.45,176.2825,335,4719,59.0502039918466,61.4793091933625,833,TRUE,"major_panel"
"HV1a","HV1a","exact","HV1",0.318681318681319,"HV1",0.015,"brook",0.000887493173129437,0.00198807157057654,"HV1",NA,0.00198807157057654,"1kg_eur",3.39,0,10.0425,8.405,NA,26,16,10.0425,8.405,26,16,1.89620923714564,2.18629818400268,68,TRUE,"major_panel"
"K1a4a","K1a4a","exact","K1a4",0.767543859649123,"K1a4",0.002,"brook",0.00914800655379574,0.00795228628230616,"K1a4a",NA,0.00795228628230616,"1kg_eur",3.931,0,11.66,11.685,NA,22,41,11.66,11.685,22,41,3.90210325009937,4.55295981982394,259,TRUE,"major_panel"
