"founder","aadr_sub","id","mt","year","country","region","is_jewish","group"
"K1a1b1a","K1a1b1a","I13861.AG","K1a1b1a",1325,"Germany","Europe",1,"Germany_Medieval_Jewish-lowEastEU"
"K1a1b1a","K1a1b1a","I13862.AG","K1a1b1a",1325,"Germany","Europe",1,"Germany_Medieval_Jewish-highEastEU"
"K1a1b1a","K1a1b1a","I13866.AG","K1a1b1a",1325,"Germany","Europe",1,"Germany_Medieval_Jewish-highEastEU"
"K1a1b1a","K1a1b1a","I13867.AG","K1a1b1a",1325,"Germany","Europe",1,"Germany_Medieval_Jewish-lowEastEU"
"K1a1b1a","K1a1b1a","I13870.AG","K1a1b1a",1325,"Germany","Europe",1,"Germany_Medieval_Jewish-lowEastEU"
"K1a1b1a","K1a1b1a","I14736.AG","K1a1b1a",1325,"Germany","Europe",1,"Germany_Medieval_Jewish-lowEastEU"
"K1a1b1a","K1a1b1a","I14741.AG","K1a1b1a",1341,"Germany","Europe",1,"Germany_Medieval_Jewish-lowEastEU"
"K1a1b1a","K1a1b1a","I14846.AG","K1a1b1a",1325,"Germany","Europe",1,"Germany_Medieval_Jewish"
"K1a1b1a","K1a1b1a","I14851.AG","K1a1b1a",1346,"Germany","Europe",1,"Germany_Medieval_Jewish-lowEastEU"
"K1a1b1a","K1a1b1a","I14899.AG","K1a1b1a",1325,"Germany","Europe",1,"Germany_Medieval_Jewish"
"K1a1b1a","K1a1b1a","I14903.AG","K1a1b1a",1325,"Germany","Europe",1,"Germany_Medieval_Jewish-lowEastEU"
"K1a1b1a","K1a1b1a","I14741.TW","K1a1b1a",1341,"Germany","Europe",1,"Germany_Medieval_Jewish-lowEastEU"
"K1a1b1a","K1a1b1a","I14741.AG.TW","K1a1b1a",1341,"Germany","Europe",1,"Germany_Medieval_Jewish-lowEastEU"
"K1a9","K1a9","I13863.AG","K1a9",1325,"Germany","Europe",1,"Germany_Medieval_Jewish-lowEastEU"
"K1a9","K1a9","I14848.AG","K1a9",1325,"Germany","Europe",1,"Germany_Medieval_Jewish"
"K1a9","K1a9","I13863.TW","K1a9",1325,"Germany","Europe",1,"Germany_Medieval_Jewish-lowEastEU"
"K1a9","K1a9","I13863.AG.TW","K1a9",1325,"Germany","Europe",1,"Germany_Medieval_Jewish-lowEastEU"
"K2a2a","K2a2a","LAZ020.AG","K2a2a",-1324,"Greece","Europe",0,"Greece_LBA"
"N1b2","N1b1b1","SZ13.AG","N1b1b1",488,"Hungary","Europe",0,"Hungary_Lombards"
"N1b2","N1b1b1","SZ22.AG","N1b1b1",525,"Hungary","Europe",0,"Hungary_Lombards"
"N1b2","N1b1b1","I14737.AG","N1b1b1",1346,"Germany","Europe",1,"Germany_Medieval_Jewish-lowEastEU"
