"SampleID"	"Haplogroup"	"Rank"	"Quality"	"Range"
"HG00096"	"H16a1"	"1"	"0.9539"	"1-16569"
"HG00097"	"T2f1a1"	"1"	"1.0000"	"1-16569"
"HG00099"	"H1ae"	"1"	"0.9662"	"1-16569"
"HG00100"	"X2b8"	"1"	"0.9812"	"1-16569"
"HG00101"	"J1c3g"	"1"	"0.9672"	"1-16569"
"HG00102"	"H58a"	"1"	"0.9487"	"1-16569"
"HG00103"	"J1c3b2"	"1"	"0.9567"	"1-16569"
"HG00105"	"H1m"	"1"	"0.9253"	"1-16569"
"HG00106"	"J2b1a"	"1"	"0.9828"	"1-16569"
"HG00107"	"J1c3b1a"	"1"	"0.9875"	"1-16569"
"HG00108"	"X2b+226+16192"	"1"	"1.0000"	"1-16569"
"HG00109"	"U4a2"	"1"	"0.9850"	"1-16569"
"HG00110"	"H1e1a"	"1"	"1.0000"	"1-16569"
"HG00111"	"H1e2"	"1"	"1.0000"	"1-16569"
"HG00112"	"H5b2"	"1"	"1.0000"	"1-16569"
"HG00113"	"X2b8"	"1"	"0.9812"	"1-16569"
"HG00114"	"U5b2c2b"	"1"	"0.9814"	"1-16569"
"HG00115"	"T2b23a"	"1"	"0.9872"	"1-16569"
"HG00116"	"U5b2c2b"	"1"	"0.9814"	"1-16569"
"HG00117"	"J1c2e1"	"1"	"0.9602"	"1-16569"
"HG00118"	"H3a1a"	"1"	"1.0000"	"1-16569"
"HG00119"	"T1a1"	"1"	"0.9651"	"1-16569"
"HG00120"	"J1c5"	"1"	"1.0000"	"1-16569"
"HG00121"	"K1a4g"	"1"	"0.9676"	"1-16569"
"HG00122"	"U5b2c2b"	"1"	"0.9686"	"1-16569"
"HG00123"	"H2a2b5a"	"1"	"0.8743"	"1-16569"
"HG00125"	"H1e2"	"1"	"0.9497"	"1-16569"
"HG00126"	"H23"	"1"	"0.8786"	"1-16569"
"HG00127"	"H2a2a1f"	"1"	"0.6786"	"1-16569"
"HG00128"	"K2b1a3"	"1"	"0.9584"	"1-16569"
"HG00129"	"H3k1a"	"1"	"1.0000"	"1-16569"
"HG00130"	"X2b4"	"1"	"0.9631"	"1-16569"
"HG00131"	"H2a2a2"	"1"	"0.7311"	"1-16569"
"HG00132"	"U5a2a1d"	"1"	"0.9820"	"1-16569"
"HG00133"	"H26a1a1"	"1"	"0.9027"	"1-16569"
"HG00136"	"T2b"	"1"	"1.0000"	"1-16569"
"HG00137"	"H3"	"1"	"0.8833"	"1-16569"
"HG00138"	"H1b1+16362"	"1"	"0.9568"	"1-16569"
"HG00139"	"H4a1a4b"	"1"	"1.0000"	"1-16569"
"HG00140"	"H4a1a4b"	"1"	"0.9661"	"1-16569"
"HG00141"	"T2b19b"	"1"	"0.9866"	"1-16569"
"HG00142"	"U5a1b"	"1"	"0.9742"	"1-16569"
"HG00143"	"H20c"	"1"	"0.8838"	"1-16569"
"HG00145"	"U5a1a1g"	"1"	"0.9588"	"1-16569"
"HG00146"	"U5a2a1"	"1"	"1.0000"	"1-16569"
"HG00148"	"W5a2"	"1"	"1.0000"	"1-16569"
"HG00149"	"H24a"	"1"	"1.0000"	"1-16569"
"HG00150"	"H1c1"	"1"	"1.0000"	"1-16569"
"HG00151"	"H27"	"1"	"0.9752"	"1-16569"
"HG00154"	"I4a2"	"1"	"0.9916"	"1-16569"
"HG00155"	"U4b1b2"	"1"	"0.9645"	"1-16569"
"HG00157"	"H5"	"1"	"1.0000"	"1-16569"
"HG00158"	"H1e2c"	"1"	"1.0000"	"1-16569"
"HG00159"	"H1+16189"	"1"	"0.9416"	"1-16569"
"HG00160"	"U5a2b2"	"1"	"0.9599"	"1-16569"
"HG00171"	"V1a1a"	"1"	"1.0000"	"1-16569"
"HG00173"	"U5b1b2"	"1"	"0.9900"	"1-16569"
"HG00174"	"U5b1b2"	"1"	"0.9900"	"1-16569"
"HG00176"	"U8a1a1b1"	"1"	"1.0000"	"1-16569"
"HG00177"	"K1c1c"	"1"	"1.0000"	"1-16569"
"HG00178"	"H13a1a1d1"	"1"	"1.0000"	"1-16569"
"HG00179"	"H10e"	"1"	"0.9022"	"1-16569"
"HG00180"	"H1a2"	"1"	"0.9483"	"1-16569"
"HG00181"	"U4d1a1"	"1"	"0.9801"	"1-16569"
"HG00182"	"H1"	"1"	"0.9096"	"1-16569"
"HG00183"	"H45a"	"1"	"0.9778"	"1-16569"
"HG00185"	"K1c1c"	"1"	"0.9805"	"1-16569"
"HG00186"	"U4d1a1a"	"1"	"0.9809"	"1-16569"
"HG00187"	"U5b1b2a"	"1"	"0.9903"	"1-16569"
"HG00188"	"U5b1b1a"	"1"	"1.0000"	"1-16569"
"HG00189"	"H1f1"	"1"	"1.0000"	"1-16569"
"HG00190"	"H7a1a"	"1"	"0.8777"	"1-16569"
"HG00231"	"W5a1a"	"1"	"0.9857"	"1-16569"
"HG00232"	"H1+16189"	"1"	"1.0000"	"1-16569"
"HG00233"	"H13c1"	"1"	"0.8915"	"1-16569"
"HG00234"	"T2a1a2"	"1"	"0.9836"	"1-16569"
"HG00235"	"J1c2t"	"1"	"0.9846"	"1-16569"
"HG00236"	"K2a3"	"1"	"1.0000"	"1-16569"
"HG00237"	"H3b4a"	"1"	"0.9725"	"1-16569"
"HG00238"	"U5b1c1a1"	"1"	"1.0000"	"1-16569"
"HG00239"	"H3z"	"1"	"0.9702"	"1-16569"
"HG00240"	"U5b1c1a1"	"1"	"1.0000"	"1-16569"
"HG00242"	"U5b2a1b"	"1"	"1.0000"	"1-16569"
"HG00243"	"K2b1a2"	"1"	"1.0000"	"1-16569"
"HG00244"	"X2b5"	"1"	"0.9625"	"1-16569"
"HG00245"	"H3g1b"	"1"	"1.0000"	"1-16569"
"HG00246"	"T2b5"	"1"	"0.9935"	"1-16569"
"HG00250"	"U4b1a2a"	"1"	"0.9613"	"1-16569"
"HG00251"	"H5n"	"1"	"0.9212"	"1-16569"
"HG00252"	"H3ag"	"1"	"0.9191"	"1-16569"
"HG00253"	"I1a1b"	"1"	"0.9814"	"1-16569"
"HG00254"	"H5a8"	"1"	"0.9587"	"1-16569"
"HG00255"	"U4b1a2b"	"1"	"0.9728"	"1-16569"
"HG00256"	"H5b2"	"1"	"0.9894"	"1-16569"
"HG00257"	"J1c8a"	"1"	"1.0000"	"1-16569"
"HG00258"	"J1c2q"	"1"	"0.9902"	"1-16569"
"HG00259"	"T2b4+152"	"1"	"0.9832"	"1-16569"
"HG00260"	"U5b2a2c"	"1"	"0.9767"	"1-16569"
"HG00261"	"J1c2"	"1"	"0.9390"	"1-16569"
"HG00262"	"T2b13"	"1"	"1.0000"	"1-16569"
"HG00263"	"U8a1b"	"1"	"0.9781"	"1-16569"
"HG00264"	"H5s"	"1"	"1.0000"	"1-16569"
"HG00265"	"T2b19"	"1"	"1.0000"	"1-16569"
"HG00266"	"H1f1"	"1"	"1.0000"	"1-16569"
"HG00267"	"U4a2"	"1"	"0.9625"	"1-16569"
"HG00268"	"U5a2a1a"	"1"	"1.0000"	"1-16569"
"HG00269"	"H1a2"	"1"	"1.0000"	"1-16569"
"HG00271"	"U5b1b2a"	"1"	"0.9903"	"1-16569"
"HG00272"	"H1c3b"	"1"	"0.9217"	"1-16569"
"HG00273"	"U5b1b2a"	"1"	"0.9482"	"1-16569"
"HG00274"	"U5b1b2a"	"1"	"0.9598"	"1-16569"
"HG00275"	"U5b1b2"	"1"	"0.9775"	"1-16569"
"HG00276"	"J1c2n1"	"1"	"0.9877"	"1-16569"
"HG00277"	"U5b1b1a1a"	"1"	"0.9906"	"1-16569"
"HG00278"	"H1n4"	"1"	"0.9031"	"1-16569"
"HG00280"	"X2c1"	"1"	"1.0000"	"1-16569"
"HG00281"	"U5a1a1h"	"1"	"0.9868"	"1-16569"
"HG00282"	"V1a1a"	"1"	"1.0000"	"1-16569"
"HG00284"	"U5b2a1a1d"	"1"	"0.9480"	"1-16569"
"HG00285"	"U5b1b2"	"1"	"0.9900"	"1-16569"
"HG00288"	"U5a1b1h"	"1"	"1.0000"	"1-16569"
"HG00290"	"U5a2a1a"	"1"	"1.0000"	"1-16569"
"HG00304"	"H2a1a"	"1"	"0.9014"	"1-16569"
"HG00306"	"U5a2b"	"1"	"0.9576"	"1-16569"
"HG00308"	"W1a"	"1"	"1.0000"	"1-16569"
"HG00309"	"H5a1a"	"1"	"0.9331"	"1-16569"
"HG00310"	"H1a2"	"1"	"0.9943"	"1-16569"
"HG00311"	"U5b1b2a"	"1"	"0.9482"	"1-16569"
"HG00313"	"H1f1"	"1"	"1.0000"	"1-16569"
"HG00315"	"J1b1a1"	"1"	"1.0000"	"1-16569"
"HG00318"	"H3b+16129"	"1"	"0.9516"	"1-16569"
"HG00319"	"H6a1a3"	"1"	"0.9607"	"1-16569"
"HG00320"	"U5b1b1a"	"1"	"1.0000"	"1-16569"
"HG00321"	"U4a2"	"1"	"0.9625"	"1-16569"
"HG00323"	"V1a1a"	"1"	"0.9900"	"1-16569"
"HG00324"	"H13a1a1d1"	"1"	"1.0000"	"1-16569"
"HG00325"	"H4a1a1a"	"1"	"1.0000"	"1-16569"
"HG00326"	"K1c1c"	"1"	"1.0000"	"1-16569"
"HG00327"	"H85"	"1"	"0.9591"	"1-16569"
"HG00328"	"H3b+16129"	"1"	"0.9516"	"1-16569"
"HG00329"	"I2a1a"	"1"	"0.9922"	"1-16569"
"HG00330"	"U5b1b2"	"1"	"0.9574"	"1-16569"
"HG00331"	"K1a4a1a2b"	"1"	"0.9944"	"1-16569"
"HG00332"	"J1c2c2"	"1"	"0.9723"	"1-16569"
"HG00334"	"J1c3+189"	"1"	"0.9686"	"1-16569"
"HG00335"	"H1f1"	"1"	"0.9834"	"1-16569"
"HG00336"	"W6a"	"1"	"0.9849"	"1-16569"
"HG00337"	"T2b4+152"	"1"	"0.9459"	"1-16569"
"HG00338"	"J1c1d"	"1"	"0.9835"	"1-16569"
"HG00339"	"U4d1a1a"	"1"	"0.9754"	"1-16569"
"HG00341"	"U5b1b2a"	"1"	"0.9903"	"1-16569"
"HG00342"	"H1a8"	"1"	"1.0000"	"1-16569"
"HG00343"	"H6a1a3"	"1"	"0.9607"	"1-16569"
"HG00344"	"T2e1"	"1"	"0.9731"	"1-16569"
"HG00345"	"V1a1a"	"1"	"1.0000"	"1-16569"
"HG00346"	"K1a2a2"	"1"	"0.9654"	"1-16569"
"HG00349"	"K1a4a1f"	"1"	"0.9785"	"1-16569"
"HG00350"	"HV9"	"1"	"0.9857"	"1-16569"
"HG00351"	"U5a2a1e"	"1"	"0.9938"	"1-16569"
"HG00353"	"H1b1d"	"1"	"1.0000"	"1-16569"
"HG00355"	"J1c2b5"	"1"	"0.9793"	"1-16569"
"HG00356"	"T2b4+152"	"1"	"0.9608"	"1-16569"
"HG00357"	"U5b1b2a"	"1"	"0.9903"	"1-16569"
"HG00358"	"U5b1b1a"	"1"	"1.0000"	"1-16569"
"HG00360"	"H2a1"	"1"	"0.9906"	"1-16569"
"HG00361"	"H1b1i"	"1"	"1.0000"	"1-16569"
"HG00362"	"H1q1"	"1"	"0.9745"	"1-16569"
"HG00364"	"U5b1b2a"	"1"	"0.9903"	"1-16569"
"HG00365"	"H1c"	"1"	"1.0000"	"1-16569"
"HG00366"	"H5a1e"	"1"	"0.9648"	"1-16569"
"HG00367"	"U5a1b1h"	"1"	"0.9921"	"1-16569"
"HG00368"	"U5b1b2"	"1"	"0.9900"	"1-16569"
"HG00369"	"I1a1a2"	"1"	"0.9820"	"1-16569"
"HG00371"	"X2c1"	"1"	"1.0000"	"1-16569"
"HG00372"	"H1+16189"	"1"	"0.9610"	"1-16569"
"HG00373"	"U5b1b1a1b"	"1"	"0.9962"	"1-16569"
"HG00375"	"J1c2n1"	"1"	"0.9877"	"1-16569"
"HG00376"	"U5b1b1a"	"1"	"1.0000"	"1-16569"
"HG00378"	"H1a2"	"1"	"1.0000"	"1-16569"
"HG00379"	"U5b1b1a"	"1"	"1.0000"	"1-16569"
"HG00380"	"H1a8a"	"1"	"1.0000"	"1-16569"
"HG00381"	"H1a2"	"1"	"0.9943"	"1-16569"
"HG00382"	"H1h1"	"1"	"0.9883"	"1-16569"
"HG00383"	"H27a"	"1"	"0.9545"	"1-16569"
"HG00384"	"U5b1b1a"	"1"	"1.0000"	"1-16569"
"HG01334"	"K2a11"	"1"	"0.9915"	"1-16569"
"HG01500"	"H3c"	"1"	"0.9879"	"1-16569"
"HG01501"	"H1bw"	"1"	"1.0000"	"1-16569"
"HG01503"	"H1z"	"1"	"0.9280"	"1-16569"
"HG01504"	"H1t"	"1"	"0.9638"	"1-16569"
"HG01506"	"H"	"1"	"0.8482"	"1-16569"
"HG01507"	"H1"	"1"	"1.0000"	"1-16569"
"HG01509"	"H1+16189"	"1"	"0.8487"	"1-16569"
"HG01510"	"H13a1a1"	"1"	"0.8974"	"1-16569"
"HG01512"	"J1c2e2"	"1"	"1.0000"	"1-16569"
"HG01513"	"H1j2a"	"1"	"0.9730"	"1-16569"
"HG01515"	"H"	"1"	"0.8487"	"1-16569"
"HG01516"	"H3+73"	"1"	"0.9306"	"1-16569"
"HG01518"	"J1c3a2"	"1"	"0.9683"	"1-16569"
"HG01519"	"H1b"	"1"	"0.8422"	"1-16569"
"HG01521"	"H1cd"	"1"	"1.0000"	"1-16569"
"HG01522"	"H17a"	"1"	"0.9330"	"1-16569"
"HG01524"	"U5b2a6"	"1"	"0.9695"	"1-16569"
"HG01525"	"H105a"	"1"	"0.8763"	"1-16569"
"HG01527"	"I2"	"1"	"0.9515"	"1-16569"
"HG01528"	"H1ah"	"1"	"0.9937"	"1-16569"
"HG01530"	"U5a2+16294"	"1"	"0.9488"	"1-16569"
"HG01531"	"N1b1a"	"1"	"1.0000"	"1-16569"
"HG01536"	"K1a4a1"	"1"	"0.9691"	"1-16569"
"HG01537"	"K1a4"	"1"	"0.9719"	"1-16569"
"HG01602"	"J1c3f"	"1"	"0.9487"	"1-16569"
"HG01603"	"U5a1h"	"1"	"1.0000"	"1-16569"
"HG01605"	"K1a4a1"	"1"	"0.9938"	"1-16569"
"HG01606"	"H1ae2"	"1"	"0.9022"	"1-16569"
"HG01607"	"L1b1a6"	"1"	"0.9914"	"1-16569"
"HG01608"	"H1c"	"1"	"0.9424"	"1-16569"
"HG01610"	"U5a1+@16192"	"1"	"0.9090"	"1-16569"
"HG01612"	"U4a2f"	"1"	"0.9511"	"1-16569"
"HG01613"	"H1"	"1"	"0.9809"	"1-16569"
"HG01615"	"U5a1c"	"1"	"0.8785"	"1-16569"
"HG01617"	"K1a2a"	"1"	"0.9932"	"1-16569"
"HG01618"	"T2b"	"1"	"0.9431"	"1-16569"
"HG01619"	"H5a7"	"1"	"0.9107"	"1-16569"
"HG01620"	"V2b"	"1"	"0.9114"	"1-16569"
"HG01623"	"HV0+195"	"1"	"0.9274"	"1-16569"
"HG01624"	"H53"	"1"	"0.8771"	"1-16569"
"HG01625"	"U1a1a2"	"1"	"0.9735"	"1-16569"
"HG01626"	"T2a1b1a1b"	"1"	"0.9764"	"1-16569"
"HG01628"	"U6a1a1"	"1"	"0.9100"	"1-16569"
"HG01630"	"H7"	"1"	"0.9486"	"1-16569"
"HG01631"	"H1q"	"1"	"0.8282"	"1-16569"
"HG01632"	"T2a1a"	"1"	"0.9915"	"1-16569"
"HG01668"	"H8c"	"1"	"0.9920"	"1-16569"
"HG01669"	"U4c1"	"1"	"0.9891"	"1-16569"
"HG01670"	"U4c1"	"1"	"0.9745"	"1-16569"
"HG01672"	"HV0f"	"1"	"0.8854"	"1-16569"
"HG01673"	"U5b1f1a"	"1"	"0.9646"	"1-16569"
"HG01675"	"K1a2a"	"1"	"0.9932"	"1-16569"
"HG01676"	"H5a1g"	"1"	"0.9190"	"1-16569"
"HG01678"	"H1e1a1"	"1"	"0.9866"	"1-16569"
"HG01679"	"H5a3a1"	"1"	"0.9582"	"1-16569"
"HG01680"	"V"	"1"	"0.9571"	"1-16569"
"HG01682"	"HV0f"	"1"	"0.9153"	"1-16569"
"HG01684"	"T2b5a"	"1"	"1.0000"	"1-16569"
"HG01685"	"K1c1"	"1"	"0.9709"	"1-16569"
"HG01686"	"V19"	"1"	"0.9430"	"1-16569"
"HG01694"	"J1b1a1"	"1"	"0.9773"	"1-16569"
"HG01695"	"H7"	"1"	"0.9611"	"1-16569"
"HG01697"	"T1a1"	"1"	"0.9864"	"1-16569"
"HG01699"	"H56"	"1"	"0.8412"	"1-16569"
"HG01700"	"V3a"	"1"	"0.9709"	"1-16569"
"HG01702"	"T2b33"	"1"	"0.9607"	"1-16569"
"HG01704"	"V"	"1"	"0.8377"	"1-16569"
"HG01705"	"U2e1a1"	"1"	"1.0000"	"1-16569"
"HG01707"	"U4b3"	"1"	"0.9320"	"1-16569"
"HG01708"	"H40"	"1"	"0.9054"	"1-16569"
"HG01709"	"H34"	"1"	"0.9928"	"1-16569"
"HG01710"	"HV4a1a"	"1"	"0.9822"	"1-16569"
"HG01746"	"U5b"	"1"	"0.9146"	"1-16569"
"HG01747"	"H"	"1"	"0.9162"	"1-16569"
"HG01756"	"H17a"	"1"	"0.8978"	"1-16569"
"HG01757"	"U4a2"	"1"	"0.9601"	"1-16569"
"HG01761"	"L3d1b1"	"1"	"0.9944"	"1-16569"
"HG01762"	"U5b3"	"1"	"0.9290"	"1-16569"
"HG01765"	"H1ba"	"1"	"0.8645"	"1-16569"
"HG01766"	"N1b1a2"	"1"	"0.9732"	"1-16569"
"HG01767"	"V25"	"1"	"1.0000"	"1-16569"
"HG01768"	"H6a1b2d"	"1"	"1.0000"	"1-16569"
"HG01770"	"H3af"	"1"	"0.8369"	"1-16569"
"HG01771"	"H4a1a4a"	"1"	"0.9572"	"1-16569"
"HG01773"	"H6a1a"	"1"	"1.0000"	"1-16569"
"HG01775"	"U5a2c"	"1"	"0.9928"	"1-16569"
"HG01776"	"H1ag"	"1"	"0.8810"	"1-16569"
"HG01777"	"H1c3a"	"1"	"0.9698"	"1-16569"
"HG01779"	"H"	"1"	"0.8692"	"1-16569"
"HG01781"	"R0a4"	"1"	"0.9462"	"1-16569"
"HG01783"	"H4a1a"	"1"	"0.9736"	"1-16569"
"HG01784"	"H1j"	"1"	"0.9705"	"1-16569"
"HG01785"	"H"	"1"	"0.8525"	"1-16569"
"HG01786"	"H1"	"1"	"0.9500"	"1-16569"
"HG01789"	"H5a1c1a"	"1"	"0.9304"	"1-16569"
"HG01790"	"H33a"	"1"	"1.0000"	"1-16569"
"HG01791"	"U5b2c2b"	"1"	"0.9794"	"1-16569"
"HG02215"	"H3m"	"1"	"0.8752"	"1-16569"
"HG02219"	"H6a1a"	"1"	"0.9833"	"1-16569"
"HG02220"	"K1a4"	"1"	"0.9646"	"1-16569"
"HG02221"	"U5a1i1"	"1"	"0.9978"	"1-16569"
"HG02223"	"H1ak1"	"1"	"0.9322"	"1-16569"
"HG02224"	"H2a1"	"1"	"1.0000"	"1-16569"
"HG02230"	"H15b"	"1"	"0.9043"	"1-16569"
"HG02231"	"H3+152"	"1"	"0.8529"	"1-16569"
"HG02232"	"T2"	"1"	"0.9225"	"1-16569"
"HG02233"	"H3v+16093"	"1"	"0.8772"	"1-16569"
"HG02235"	"T2b3+151"	"1"	"0.9273"	"1-16569"
"HG02236"	"H1"	"1"	"0.8070"	"1-16569"
"HG02238"	"H1j1"	"1"	"0.9408"	"1-16569"
"HG02239"	"H1"	"1"	"0.8795"	"1-16569"
"NA06984"	"U5a1a1"	"1"	"0.9548"	"1-16569"
"NA06985"	"U4b1a1a1"	"1"	"1.0000"	"1-16569"
"NA06986"	"K1a2a1"	"1"	"0.9937"	"1-16569"
"NA06989"	"U5b2a1a1a"	"1"	"0.9786"	"1-16569"
"NA06994"	"U5b2a1a1"	"1"	"1.0000"	"1-16569"
"NA07000"	"T2b"	"1"	"0.9833"	"1-16569"
"NA07037"	"T1a6"	"1"	"0.9848"	"1-16569"
"NA07048"	"H2a1"	"1"	"1.0000"	"1-16569"
"NA07051"	"H+152"	"1"	"0.7842"	"1-16569"
"NA07056"	"W1c1"	"1"	"0.9846"	"1-16569"
"NA07347"	"H1c6"	"1"	"1.0000"	"1-16569"
"NA07357"	"U5a1c2a1"	"1"	"0.9444"	"1-16569"
"NA10847"	"H3v1"	"1"	"1.0000"	"1-16569"
"NA10851"	"V16"	"1"	"0.9679"	"1-16569"
"NA11829"	"T2a1a"	"1"	"0.9402"	"1-16569"
"NA11830"	"U5b2a1a1"	"1"	"0.9499"	"1-16569"
"NA11831"	"H5'36"	"1"	"0.9175"	"1-16569"
"NA11832"	"H2a5b"	"1"	"1.0000"	"1-16569"
"NA11840"	"H4a1a1a"	"1"	"0.9895"	"1-16569"
"NA11843"	"J1c2c2"	"1"	"0.9882"	"1-16569"
"NA11881"	"H1c3b"	"1"	"0.9643"	"1-16569"
"NA11892"	"K1b1a1d"	"1"	"0.9926"	"1-16569"
"NA11893"	"V+@72"	"1"	"0.9451"	"1-16569"
"NA11894"	"T1a6"	"1"	"0.9838"	"1-16569"
"NA11918"	"H2a1e1"	"1"	"0.9242"	"1-16569"
"NA11919"	"H1c1"	"1"	"1.0000"	"1-16569"
"NA11920"	"H1a1a1"	"1"	"0.9570"	"1-16569"
"NA11930"	"H1c3a"	"1"	"0.9629"	"1-16569"
"NA11931"	"H3a1a"	"1"	"0.9330"	"1-16569"
"NA11932"	"HV0b"	"1"	"0.9353"	"1-16569"
"NA11933"	"W5a1"	"1"	"0.9661"	"1-16569"
"NA11992"	"U5a2d1a"	"1"	"1.0000"	"1-16569"
"NA11994"	"T2b4b"	"1"	"0.9836"	"1-16569"
"NA11995"	"H11a1"	"1"	"0.9448"	"1-16569"
"NA12003"	"T2b1"	"1"	"0.9824"	"1-16569"
"NA12004"	"H3+152"	"1"	"0.9724"	"1-16569"
"NA12005"	"K2a"	"1"	"0.9914"	"1-16569"
"NA12006"	"H5b1"	"1"	"0.9550"	"1-16569"
"NA12043"	"T1"	"1"	"0.9637"	"1-16569"
"NA12044"	"J1c3c"	"1"	"0.9700"	"1-16569"
"NA12045"	"H18b"	"1"	"0.9392"	"1-16569"
"NA12046"	"T2b1"	"1"	"0.9651"	"1-16569"
"NA12058"	"HV17a"	"1"	"0.9604"	"1-16569"
"NA12144"	"H1e1a"	"1"	"0.9374"	"1-16569"
"NA12154"	"J1c5a1"	"1"	"1.0000"	"1-16569"
"NA12155"	"H8c"	"1"	"0.8506"	"1-16569"
"NA12156"	"U4b1b1d"	"1"	"1.0000"	"1-16569"
"NA12234"	"J1c1e"	"1"	"0.9815"	"1-16569"
"NA12249"	"H1c1"	"1"	"0.9578"	"1-16569"
"NA12272"	"H5a1p"	"1"	"0.9554"	"1-16569"
"NA12273"	"J2a1a1"	"1"	"0.9905"	"1-16569"
"NA12275"	"H13a1a"	"1"	"0.9710"	"1-16569"
"NA12282"	"J1b1a1a"	"1"	"1.0000"	"1-16569"
"NA12283"	"H3ag1"	"1"	"1.0000"	"1-16569"
"NA12286"	"H"	"1"	"0.9305"	"1-16569"
"NA12287"	"U2e1b"	"1"	"0.9438"	"1-16569"
"NA12340"	"H16a"	"1"	"1.0000"	"1-16569"
"NA12341"	"H1e1a"	"1"	"0.9525"	"1-16569"
"NA12342"	"I5a2"	"1"	"0.9643"	"1-16569"
"NA12347"	"U2e1f1"	"1"	"0.9853"	"1-16569"
"NA12348"	"U5a1j"	"1"	"0.9849"	"1-16569"
"NA12383"	"V16"	"1"	"1.0000"	"1-16569"
"NA12399"	"H1c1a1"	"1"	"0.9556"	"1-16569"
"NA12400"	"W1c1"	"1"	"0.9703"	"1-16569"
"NA12413"	"W5a1a"	"1"	"0.9535"	"1-16569"
"NA12414"	"J2b1a3"	"1"	"1.0000"	"1-16569"
"NA12489"	"HV15"	"1"	"0.9521"	"1-16569"
"NA12546"	"H5a6"	"1"	"0.9671"	"1-16569"
"NA12716"	"H1ae2a"	"1"	"0.9151"	"1-16569"
"NA12717"	"H1b1"	"1"	"0.9647"	"1-16569"
"NA12718"	"U5a1b1"	"1"	"0.9332"	"1-16569"
"NA12748"	"H1c1"	"1"	"1.0000"	"1-16569"
"NA12749"	"H7a1b"	"1"	"0.8986"	"1-16569"
"NA12750"	"T2f1a1"	"1"	"0.9722"	"1-16569"
"NA12751"	"U5a1a2b"	"1"	"0.9550"	"1-16569"
"NA12760"	"H5a6"	"1"	"0.9565"	"1-16569"
"NA12761"	"U5b1e"	"1"	"0.9648"	"1-16569"
"NA12762"	"H8"	"1"	"0.9172"	"1-16569"
"NA12763"	"T2b"	"1"	"0.9962"	"1-16569"
"NA12775"	"W3a1"	"1"	"0.9841"	"1-16569"
"NA12776"	"U3a1a"	"1"	"0.9817"	"1-16569"
"NA12777"	"H1ao"	"1"	"1.0000"	"1-16569"
"NA12778"	"H52"	"1"	"0.9773"	"1-16569"
"NA12812"	"H1+16189"	"1"	"0.9590"	"1-16569"
"NA12813"	"U5a2a"	"1"	"0.9336"	"1-16569"
"NA12814"	"U5a1b1a2"	"1"	"0.9864"	"1-16569"
"NA12815"	"H27"	"1"	"0.9651"	"1-16569"
"NA12827"	"H6a1b3"	"1"	"0.9500"	"1-16569"
"NA12828"	"H3"	"1"	"1.0000"	"1-16569"
"NA12829"	"H4a1a1"	"1"	"0.9960"	"1-16569"
"NA12830"	"H47a"	"1"	"0.9524"	"1-16569"
"NA12842"	"H66a"	"1"	"0.8841"	"1-16569"
"NA12843"	"U5a2c3a"	"1"	"0.9622"	"1-16569"
"NA12872"	"HV6"	"1"	"1.0000"	"1-16569"
"NA12873"	"H11a6"	"1"	"0.9956"	"1-16569"
"NA12874"	"J1c8a"	"1"	"0.9837"	"1-16569"
"NA12878"	"H13a1a1a"	"1"	"0.9957"	"1-16569"
"NA12889"	"H31a"	"1"	"0.9796"	"1-16569"
"NA12890"	"H1+16189"	"1"	"0.9452"	"1-16569"
"NA20502"	"H93"	"1"	"0.8578"	"1-16569"
"NA20503"	"W4c"	"1"	"0.9429"	"1-16569"
"NA20504"	"H1e2"	"1"	"0.9425"	"1-16569"
"NA20505"	"K1a1b1e"	"1"	"0.9437"	"1-16569"
"NA20506"	"HV24"	"1"	"0.8968"	"1-16569"
"NA20507"	"T2b7a3"	"1"	"0.9857"	"1-16569"
"NA20508"	"T2b3e"	"1"	"0.9441"	"1-16569"
"NA20509"	"H1b1"	"1"	"0.9174"	"1-16569"
"NA20510"	"W6"	"1"	"0.9652"	"1-16569"
"NA20511"	"H14a+146"	"1"	"0.8497"	"1-16569"
"NA20512"	"U4a2b"	"1"	"1.0000"	"1-16569"
"NA20513"	"H1e1b1a"	"1"	"0.9113"	"1-16569"
"NA20514"	"H59a"	"1"	"0.9675"	"1-16569"
"NA20515"	"U5a1b1a"	"1"	"0.9588"	"1-16569"
"NA20516"	"H6a1b4"	"1"	"0.9632"	"1-16569"
"NA20517"	"U5b2a3a"	"1"	"0.9613"	"1-16569"
"NA20518"	"J2a1a1e"	"1"	"0.9854"	"1-16569"
"NA20519"	"H5"	"1"	"0.9156"	"1-16569"
"NA20520"	"H3k"	"1"	"0.9400"	"1-16569"
"NA20521"	"H31"	"1"	"0.9196"	"1-16569"
"NA20522"	"K1a2a1"	"1"	"0.9937"	"1-16569"
"NA20524"	"D4j12"	"1"	"1.0000"	"1-16569"
"NA20525"	"H1aj"	"1"	"0.8991"	"1-16569"
"NA20527"	"H92"	"1"	"0.8921"	"1-16569"
"NA20528"	"J1c17"	"1"	"0.9254"	"1-16569"
"NA20529"	"T2n"	"1"	"0.9677"	"1-16569"
"NA20530"	"K1a4c1"	"1"	"0.9430"	"1-16569"
"NA20531"	"H1e2"	"1"	"1.0000"	"1-16569"
"NA20532"	"V"	"1"	"0.9696"	"1-16569"
"NA20533"	"H5b"	"1"	"1.0000"	"1-16569"
"NA20534"	"J1b1a3"	"1"	"0.9198"	"1-16569"
"NA20535"	"H1a"	"1"	"1.0000"	"1-16569"
"NA20536"	"X2d1a"	"1"	"0.9697"	"1-16569"
"NA20538"	"H82"	"1"	"0.8962"	"1-16569"
"NA20539"	"K1a1b1"	"1"	"0.9844"	"1-16569"
"NA20540"	"U5b1+16189+@16192"	"1"	"0.9882"	"1-16569"
"NA20541"	"H1"	"1"	"0.9592"	"1-16569"
"NA20542"	"T1b2"	"1"	"0.9843"	"1-16569"
"NA20543"	"H1au"	"1"	"0.8152"	"1-16569"
"NA20544"	"J1c2"	"1"	"0.9413"	"1-16569"
"NA20581"	"T1a2a"	"1"	"1.0000"	"1-16569"
"NA20582"	"H56d"	"1"	"0.9519"	"1-16569"
"NA20585"	"H2b"	"1"	"0.9238"	"1-16569"
"NA20586"	"H1ba"	"1"	"0.9221"	"1-16569"
"NA20587"	"HV+16311"	"1"	"1.0000"	"1-16569"
"NA20588"	"H23"	"1"	"0.9213"	"1-16569"
"NA20589"	"T2e1"	"1"	"0.9828"	"1-16569"
"NA20752"	"J2a2b2"	"1"	"1.0000"	"1-16569"
"NA20753"	"L1b1a5"	"1"	"1.0000"	"1-16569"
"NA20754"	"H14b"	"1"	"0.8376"	"1-16569"
"NA20755"	"H18"	"1"	"0.9686"	"1-16569"
"NA20756"	"K2a8"	"1"	"0.9955"	"1-16569"
"NA20757"	"T1a2"	"1"	"0.9569"	"1-16569"
"NA20758"	"T2c1d+152"	"1"	"0.9749"	"1-16569"
"NA20759"	"K1a1b2a1a"	"1"	"0.9707"	"1-16569"
"NA20760"	"U5a2b5"	"1"	"0.9792"	"1-16569"
"NA20761"	"H60a"	"1"	"0.9338"	"1-16569"
"NA20762"	"W5a1a"	"1"	"0.9525"	"1-16569"
"NA20763"	"HV9c"	"1"	"0.9242"	"1-16569"
"NA20764"	"K1a+195"	"1"	"0.9788"	"1-16569"
"NA20765"	"U5a2b2"	"1"	"0.9976"	"1-16569"
"NA20766"	"H87"	"1"	"0.9234"	"1-16569"
"NA20767"	"H1e2"	"1"	"0.9550"	"1-16569"
"NA20768"	"H1a3a3"	"1"	"0.9803"	"1-16569"
"NA20769"	"H1ba"	"1"	"0.9221"	"1-16569"
"NA20770"	"T2d2"	"1"	"0.9600"	"1-16569"
"NA20771"	"H13b1b"	"1"	"0.9889"	"1-16569"
"NA20772"	"H7"	"1"	"0.8566"	"1-16569"
"NA20773"	"H107"	"1"	"0.9241"	"1-16569"
"NA20774"	"U5a1b1a"	"1"	"0.9786"	"1-16569"
"NA20775"	"T2b7a3"	"1"	"0.9857"	"1-16569"
"NA20778"	"U7a4a1"	"1"	"0.9517"	"1-16569"
"NA20783"	"T2c1a2"	"1"	"0.9702"	"1-16569"
"NA20785"	"J1c3e2"	"1"	"0.9810"	"1-16569"
"NA20786"	"U8b1b1"	"1"	"0.9903"	"1-16569"
"NA20787"	"J1c1h"	"1"	"0.9396"	"1-16569"
"NA20790"	"H1q"	"1"	"0.9336"	"1-16569"
"NA20792"	"H1b1"	"1"	"0.9529"	"1-16569"
"NA20795"	"H26c"	"1"	"0.9369"	"1-16569"
"NA20796"	"H7"	"1"	"0.8566"	"1-16569"
"NA20797"	"V2"	"1"	"0.9783"	"1-16569"
"NA20798"	"H15b1"	"1"	"1.0000"	"1-16569"
"NA20799"	"H5e1b"	"1"	"0.9728"	"1-16569"
"NA20800"	"H91"	"1"	"0.9566"	"1-16569"
"NA20801"	"HV1b2"	"1"	"0.9150"	"1-16569"
"NA20802"	"H+152"	"1"	"0.8043"	"1-16569"
"NA20803"	"H1e2d"	"1"	"0.9528"	"1-16569"
"NA20804"	"W6a"	"1"	"1.0000"	"1-16569"
"NA20805"	"U5a1g"	"1"	"0.9300"	"1-16569"
"NA20806"	"H13b1b"	"1"	"0.9250"	"1-16569"
"NA20807"	"U2e1'2'3"	"1"	"0.9536"	"1-16569"
"NA20808"	"H55"	"1"	"0.9315"	"1-16569"
"NA20809"	"H3"	"1"	"0.9277"	"1-16569"
"NA20810"	"H1e"	"1"	"0.8180"	"1-16569"
"NA20811"	"H1q3"	"1"	"0.9896"	"1-16569"
"NA20812"	"U5a1a1b"	"1"	"0.9595"	"1-16569"
"NA20813"	"K1a1b1"	"1"	"0.9472"	"1-16569"
"NA20814"	"HV9c"	"1"	"0.9242"	"1-16569"
"NA20815"	"H44a"	"1"	"1.0000"	"1-16569"
"NA20818"	"J1d6"	"1"	"0.9838"	"1-16569"
"NA20819"	"T1a10"	"1"	"0.9744"	"1-16569"
"NA20821"	"T2+16189"	"1"	"0.9373"	"1-16569"
"NA20822"	"U5a1a2b"	"1"	"0.9848"	"1-16569"
"NA20826"	"U1a1c1b"	"1"	"0.9840"	"1-16569"
"NA20827"	"U5a1g"	"1"	"0.9587"	"1-16569"
"NA20828"	"K1a4f1"	"1"	"0.9463"	"1-16569"
"NA20832"	"H1n+146"	"1"	"1.0000"	"1-16569"
