query_haplogroup,source,uid,accession_version,title,organism,length,moltype,subtype,subname,taxid,extra,query_term
K1a1b1a,GenBank_EUtilities,294805323,HM101136.1,"Homo sapiens haplogroup K1a1b1a mitochondrion, complete genome",,16569,,,,9606,gi|294805323|gb|HM101136.1|[294805323],"""K1a1b1a""[All Fields] AND ""Homo sapiens""[Organism] AND mitochondrion[All Fields]"
K1a1b1a,GenBank_EUtilities,3064562303,PX413589.1,"Homo sapiens haplogroup K1a1b1a-C16223T-G1709A mitochondrion, complete genome",,16568,,,,9606,gi|3064562303|gb|PX413589.1|[3064562303],"""K1a1b1a""[All Fields] AND ""Homo sapiens""[Organism] AND mitochondrion[All Fields]"
K1a1b1a,GenBank_EUtilities,3058239846,PX315730.1,"Homo sapiens haplogroup K1a1b1a-G3316A mitochondrion, complete genome",,16569,,,,9606,gi|3058239846|gb|PX315730.1|[3058239846],"""K1a1b1a""[All Fields] AND ""Homo sapiens""[Organism] AND mitochondrion[All Fields]"
K1a1b1a,GenBank_EUtilities,3050155451,PX238419.1,"Homo sapiens haplogroup K1a1b1a-A14118G mitochondrion, complete genome",,16569,,,,9606,gi|3050155451|gb|PX238419.1|[3050155451],"""K1a1b1a""[All Fields] AND ""Homo sapiens""[Organism] AND mitochondrion[All Fields]"
K1a1b1a,GenBank_EUtilities,3041760751,PX114822.1,"Homo sapiens haplogroup K1a1b1a-A5984G mitochondrion, complete genome",,16569,,,,9606,gi|3041760751|gb|PX114822.1|[3041760751],"""K1a1b1a""[All Fields] AND ""Homo sapiens""[Organism] AND mitochondrion[All Fields]"
K1a1b1a,GenBank_EUtilities,3018823979,PV893137.1,"Homo sapiens haplogroup K1a1b1a-G9921A mitochondrion, complete genome",,16569,,,,9606,gi|3018823979|gb|PV893137.1|[3018823979],"""K1a1b1a""[All Fields] AND ""Homo sapiens""[Organism] AND mitochondrion[All Fields]"
K1a1b1a,GenBank_EUtilities,288963306,GU723693.1,"Homo sapiens haplogroup K1a1b1a mitochondrion, complete genome",,16569,,,,9606,gi|288963306|gb|GU723693.1|[288963306],"""K1a1b1a""[All Fields] AND ""Homo sapiens""[Organism] AND mitochondrion[All Fields]"
K1a1b1a,GenBank_EUtilities,194739418,EU926147.1,"Homo sapiens haplogroup K1a1b1a mitochondrion, complete genome",,16569,,,,9606,gi|194739418|gb|EU926147.1|[194739418],"""K1a1b1a""[All Fields] AND ""Homo sapiens""[Organism] AND mitochondrion[All Fields]"
K1a1b1a,GenBank_EUtilities,2814125545,PQ435234.1,"Homo sapiens haplogroup K1a1b1a-G1462A mitochondrion, complete genome",,16569,,,,9606,gi|2814125545|gb|PQ435234.1|[2814125545],"""K1a1b1a""[All Fields] AND ""Homo sapiens""[Organism] AND mitochondrion[All Fields]"
K1a1b1a,GenBank_EUtilities,2798386338,PQ249398.1,"Homo sapiens haplogroup K1a1b1a-G14249A mitochondrion, complete genome",,16569,,,,9606,gi|2798386338|gb|PQ249398.1|[2798386338],"""K1a1b1a""[All Fields] AND ""Homo sapiens""[Organism] AND mitochondrion[All Fields]"
K1a1b1a,GenBank_EUtilities,2653426967,PP153372.1,"Homo sapiens haplogroup K1a1b1a mitochondrion, complete genome",,16569,,,,9606,gi|2653426967|gb|PP153372.1|[2653426967],"""K1a1b1a""[All Fields] AND ""Homo sapiens""[Organism] AND mitochondrion[All Fields]"
K1a1b1a,GenBank_EUtilities,2273664112,MZ387869.1,"Homo sapiens haplogroup K1a1b1a mitochondrion, complete genome",,16569,,,,9606,gi|2273664112|gb|MZ387869.1|[2273664112],"""K1a1b1a""[All Fields] AND ""Homo sapiens""[Organism] AND mitochondrion[All Fields]"
K1a1b1a,GenBank_EUtilities,2273649132,MZ386799.1,"Homo sapiens haplogroup K1a1b1a mitochondrion, complete genome",,16569,,,,9606,gi|2273649132|gb|MZ386799.1|[2273649132],"""K1a1b1a""[All Fields] AND ""Homo sapiens""[Organism] AND mitochondrion[All Fields]"
K1a1b1a,GenBank_EUtilities,207081514,FJ228404.1,"Homo sapiens haplogroup K1a1b1a mitochondrion, complete genome",,16569,,,,9606,gi|207081514|gb|FJ228404.1|[207081514],"""K1a1b1a""[All Fields] AND ""Homo sapiens""[Organism] AND mitochondrion[All Fields]"
K1a1b1a,GenBank_EUtilities,193789483,EU862197.1,"Homo sapiens haplotype K1a1b1a mitochondrion, complete genome",,16570,,,,9606,gi|193789483|gb|EU862197.1|[193789483],"""K1a1b1a""[All Fields] AND ""Homo sapiens""[Organism] AND mitochondrion[All Fields]"
K1a1b1a,GenBank_EUtilities,356476770,JN990448.1,"Homo sapiens haplogroup K1a1b1a mitochondrion, complete genome",,16569,,,,9606,gi|356476770|gb|JN990448.1|[356476770],"""K1a1b1a""[All Fields] AND ""Homo sapiens""[Organism] AND mitochondrion[All Fields]"
K1a1b1a,GenBank_EUtilities,169211362,EU523126.1,"Homo sapiens haplotype K1a1b1a mitochondrion, complete genome",,16569,,,,9606,gi|169211362|gb|EU523126.1|[169211362],"""K1a1b1a""[All Fields] AND ""Homo sapiens""[Organism] AND mitochondrion[All Fields]"
K1a1b1a,GenBank_EUtilities,162289674,EU327782.1,"Homo sapiens haplotype K1a1b1a mitochondrion, complete genome",,16569,,,,9606,gi|162289674|gb|EU327782.1|[162289674],"""K1a1b1a""[All Fields] AND ""Homo sapiens""[Organism] AND mitochondrion[All Fields]"
K1a1b1a,GenBank_EUtilities,159139412,EU259709.1,"Homo sapiens haplotype K1a1b1a mitochondrion, complete genome",,16569,,,,9606,gi|159139412|gb|EU259709.1|[159139412],"""K1a1b1a""[All Fields] AND ""Homo sapiens""[Organism] AND mitochondrion[All Fields]"
K1a1b1a,GenBank_EUtilities,154100326,EU052292.1,"Homo sapiens haplotype K1a1b1a mitochondrion, complete genome",,16569,,,,9606,gi|154100326|gb|EU052292.1|[154100326],"""K1a1b1a""[All Fields] AND ""Homo sapiens""[Organism] AND mitochondrion[All Fields]"
K1a1b1a,GenBank_EUtilities,82792570,DQ301813.1,"Homo sapiens isolate D5677 mitochondrion, complete genome",,16569,,,,9606,gi|82792570|gb|DQ301813.1|[82792570],"""K1a1b1a""[All Fields] AND ""Homo sapiens""[Organism] AND mitochondrion[All Fields]"
K1a1b1a,GenBank_EUtilities,82792458,DQ301805.1,"Homo sapiens isolate D4262 mitochondrion, complete genome",,16569,,,,9606,gi|82792458|gb|DQ301805.1|[82792458],"""K1a1b1a""[All Fields] AND ""Homo sapiens""[Organism] AND mitochondrion[All Fields]"
K1a1b1a,GenBank_EUtilities,82792430,DQ301803.1,"Homo sapiens isolate D4207 mitochondrion, complete genome",,16571,,,,9606,gi|82792430|gb|DQ301803.1|[82792430],"""K1a1b1a""[All Fields] AND ""Homo sapiens""[Organism] AND mitochondrion[All Fields]"
K1a1b1a,GenBank_EUtilities,82792416,DQ301802.1,"Homo sapiens isolate D1829 mitochondrion, complete genome",,16569,,,,9606,gi|82792416|gb|DQ301802.1|[82792416],"""K1a1b1a""[All Fields] AND ""Homo sapiens""[Organism] AND mitochondrion[All Fields]"
K1a1b1a,GenBank_EUtilities,82792318,DQ301795.1,"Homo sapiens isolate D1369 mitochondrion, complete genome",,16569,,,,9606,gi|82792318|gb|DQ301795.1|[82792318],"""K1a1b1a""[All Fields] AND ""Homo sapiens""[Organism] AND mitochondrion[All Fields]"
K1a1b1a,GenBank_EUtilities,82792234,DQ301789.1,"Homo sapiens isolate D1123 mitochondrion, complete genome",,16569,,,,9606,gi|82792234|gb|DQ301789.1|[82792234],"""K1a1b1a""[All Fields] AND ""Homo sapiens""[Organism] AND mitochondrion[All Fields]"
K1a1b1a,GenBank_EUtilities,321268847,HQ901176.1,"Homo sapiens haplogroup K1a1b1a mitochondrion, complete genome",,16569,,,,9606,gi|321268847|gb|HQ901176.1|[321268847],"""K1a1b1a""[All Fields] AND ""Homo sapiens""[Organism] AND mitochondrion[All Fields]"
K1a1b1a,GenBank_EUtilities,313762421,HQ667591.1,"Homo sapiens haplogroup K1a1b1a mitochondrion, complete genome",,16569,,,,9606,gi|313762421|gb|HQ667591.1|[313762421],"""K1a1b1a""[All Fields] AND ""Homo sapiens""[Organism] AND mitochondrion[All Fields]"
K1a1b1a,GenBank_EUtilities,294799828,HM054510.1,"Homo sapiens haplogroup K1a1b1a mitochondrion, complete genome",,16569,,,,9606,gi|294799828|gb|HM054510.1|[294799828],"""K1a1b1a""[All Fields] AND ""Homo sapiens""[Organism] AND mitochondrion[All Fields]"
K1a1b1a,GenBank_EUtilities,288963011,GU722599.1,"Homo sapiens haplogroup K1a1b1a mitochondrion, complete genome",,16569,,,,9606,gi|288963011|gb|GU722599.1|[288963011],"""K1a1b1a""[All Fields] AND ""Homo sapiens""[Organism] AND mitochondrion[All Fields]"
K1a1b1a,GenBank_EUtilities,288898942,GU571200.1,"Homo sapiens haplogroup K1a1b1a mitochondrion, complete genome",,16569,,,,9606,gi|288898942|gb|GU571200.1|[288898942],"""K1a1b1a""[All Fields] AND ""Homo sapiens""[Organism] AND mitochondrion[All Fields]"
K1a1b1a,GenBank_EUtilities,288898928,GU585492.1,"Homo sapiens haplogroup K1a1b1a mitochondrion, complete genome",,16569,,,,9606,gi|288898928|gb|GU585492.1|[288898928],"""K1a1b1a""[All Fields] AND ""Homo sapiens""[Organism] AND mitochondrion[All Fields]"
K1a1b1a,GenBank_EUtilities,281190136,GU320192.1,"Homo sapiens haplogroup K1a1b1a mitochondrion, complete genome",,16569,,,,9606,gi|281190136|gb|GU320192.1|[281190136],"""K1a1b1a""[All Fields] AND ""Homo sapiens""[Organism] AND mitochondrion[All Fields]"
K1a1b1a,GenBank_EUtilities,227336813,FJ938288.1,"Homo sapiens haplogroup K1a1b1a mitochondrion, complete genome",,16570,,,,9606,gi|227336813|gb|FJ938288.1|[227336813],"""K1a1b1a""[All Fields] AND ""Homo sapiens""[Organism] AND mitochondrion[All Fields]"
K1a1b1a,GenBank_EUtilities,823113998,KR491936.1,"Homo sapiens haplogroup K1a1b1a mitochondrion, complete genome",,16569,,,,9606,gi|823113998|gb|KR491936.1|[823113998],"""K1a1b1a""[All Fields] AND ""Homo sapiens""[Organism] AND mitochondrion[All Fields]"
K1a1b1a,GenBank_EUtilities,397185732,JX153534.1,"Homo sapiens isolate 3175159 mitochondrion, complete genome",,16569,,,,9606,gi|397185732|gb|JX153534.1|[397185732],"""K1a1b1a""[All Fields] AND ""Homo sapiens""[Organism] AND mitochondrion[All Fields]"
K1a1b1a,GenBank_EUtilities,526150310,KF435080.1,"Homo sapiens haplogroup K1a1b1a mitochondrion, complete genome",,16569,,,,9606,gi|526150310|gb|KF435080.1|[526150310],"""K1a1b1a""[All Fields] AND ""Homo sapiens""[Organism] AND mitochondrion[All Fields]"
K1a1b1a,GenBank_EUtilities,480979595,KC914580.1,"Homo sapiens haplogroup K1a1b1a mitochondrion, complete genome",,16569,,,,9606,gi|480979595|gb|KC914580.1|[480979595],"""K1a1b1a""[All Fields] AND ""Homo sapiens""[Organism] AND mitochondrion[All Fields]"
K1a1b1a,GenBank_EUtilities,157804607,EU170362.1,"Homo sapiens haplogroup K1a1b1a mitochondrion, complete genome",,16569,,,,9606,gi|157804607|gb|EU170362.1|[157804607],"""K1a1b1a""[All Fields] AND ""Homo sapiens""[Organism] AND mitochondrion[All Fields]"
K1a9,GenBank_EUtilities,3036603588,PX070374.1,"Homo sapiens haplogroup K1a9-T4679C-A14755G-A15226G-A15520G mitochondrion, complete genome",,16569,,,,9606,gi|3036603588|gb|PX070374.1|[3036603588],"""K1a9""[All Fields] AND ""Homo sapiens""[Organism] AND mitochondrion[All Fields]"
K1a9,GenBank_EUtilities,3031243661,PV992699.1,"Homo sapiens haplogroup K1a9-G14831A mitochondrion, complete genome",,16570,,,,9606,gi|3031243661|gb|PV992699.1|[3031243661],"""K1a9""[All Fields] AND ""Homo sapiens""[Organism] AND mitochondrion[All Fields]"
K1a9,GenBank_EUtilities,505490428,KF040496.1,"Homo sapiens haplogroup K1a9 mitochondrion, complete genome",,16569,,,,9606,gi|505490428|gb|KF040496.1|[505490428],"""K1a9""[All Fields] AND ""Homo sapiens""[Organism] AND mitochondrion[All Fields]"
K1a9,GenBank_EUtilities,2669693335,PP278988.1,"Homo sapiens haplogroup K1a9 mitochondrion, complete genome",,16569,,,,9606,gi|2669693335|gb|PP278988.1|[2669693335],"""K1a9""[All Fields] AND ""Homo sapiens""[Organism] AND mitochondrion[All Fields]"
K1a9,GenBank_EUtilities,2273661340,MZ387671.1,"Homo sapiens haplogroup K1a9 mitochondrion, complete genome",,16569,,,,9606,gi|2273661340|gb|MZ387671.1|[2273661340],"""K1a9""[All Fields] AND ""Homo sapiens""[Organism] AND mitochondrion[All Fields]"
K1a9,GenBank_EUtilities,82792500,DQ301808.1,"Homo sapiens isolate D4777 mitochondrion, complete genome",,16569,,,,9606,gi|82792500|gb|DQ301808.1|[82792500],"""K1a9""[All Fields] AND ""Homo sapiens""[Organism] AND mitochondrion[All Fields]"
K1a9,GenBank_EUtilities,82792472,DQ301806.1,"Homo sapiens isolate D4481 mitochondrion, complete genome",,16569,,,,9606,gi|82792472|gb|DQ301806.1|[82792472],"""K1a9""[All Fields] AND ""Homo sapiens""[Organism] AND mitochondrion[All Fields]"
K1a9,GenBank_EUtilities,82792262,DQ301791.1,"Homo sapiens isolate D1282 mitochondrion, complete genome",,16569,,,,9606,gi|82792262|gb|DQ301791.1|[82792262],"""K1a9""[All Fields] AND ""Homo sapiens""[Organism] AND mitochondrion[All Fields]"
K1a9,GenBank_EUtilities,82792248,DQ301790.1,"Homo sapiens isolate D1139 mitochondrion, complete genome",,16567,,,,9606,gi|82792248|gb|DQ301790.1|[82792248],"""K1a9""[All Fields] AND ""Homo sapiens""[Organism] AND mitochondrion[All Fields]"
K1a9,GenBank_EUtilities,281190094,GU295448.1,"Homo sapiens haplogroup K1a9 mitochondrion, complete genome",,16569,,,,9606,gi|281190094|gb|GU295448.1|[281190094],"""K1a9""[All Fields] AND ""Homo sapiens""[Organism] AND mitochondrion[All Fields]"
K1a9,GenBank_EUtilities,683417486,KJ856803.1,"Homo sapiens isolate III-45_Cz_Czech mitochondrion, complete genome",,16569,,,,9606,gi|683417486|gb|KJ856803.1|[683417486],"""K1a9""[All Fields] AND ""Homo sapiens""[Organism] AND mitochondrion[All Fields]"
K2a2a,GenBank_EUtilities,3328761735,PZ381645.1,"Homo sapiens haplogroup K2a2a-G11914A pre-K2a2a1 mitochondrion, complete genome",,16571,,,,9606,gi|3328761735|gb|PZ381645.1|[3328761735],"""K2a2a""[All Fields] AND ""Homo sapiens""[Organism] AND mitochondrion[All Fields]"
K2a2a,GenBank_EUtilities,162289547,EU327986.1,"Homo sapiens haplotype K2a2a mitochondrion, complete genome",,16569,,,,9606,gi|162289547|gb|EU327986.1|[162289547],"""K2a2a""[All Fields] AND ""Homo sapiens""[Organism] AND mitochondrion[All Fields]"
K2a2a,GenBank_EUtilities,82792556,DQ301812.1,"Homo sapiens isolate D5551 mitochondrion, complete genome",,16569,,,,9606,gi|82792556|gb|DQ301812.1|[82792556],"""K2a2a""[All Fields] AND ""Homo sapiens""[Organism] AND mitochondrion[All Fields]"
K2a2a,GenBank_EUtilities,82792444,DQ301804.1,"Homo sapiens isolate D4232 mitochondrion, complete genome",,16570,,,,9606,gi|82792444|gb|DQ301804.1|[82792444],"""K2a2a""[All Fields] AND ""Homo sapiens""[Organism] AND mitochondrion[All Fields]"
K2a2a,GenBank_EUtilities,321268903,HQ914446.1,"Homo sapiens haplogroup K2a2a mitochondrion, complete genome",,16569,,,,9606,gi|321268903|gb|HQ914446.1|[321268903],"""K2a2a""[All Fields] AND ""Homo sapiens""[Organism] AND mitochondrion[All Fields]"
K2a2a,GenBank_EUtilities,297748073,HM347598.1,"Homo sapiens haplogroup K2a2a mitochondrion, complete genome",,16570,,,,9606,gi|297748073|gb|HM347598.1|[297748073],"""K2a2a""[All Fields] AND ""Homo sapiens""[Organism] AND mitochondrion[All Fields]"
K2a2a,GenBank_EUtilities,404452499,JX566771.1,"Homo sapiens haplogroup K2a2a mitochondrion, complete genome",,16570,,,,9606,gi|404452499|gb|JX566771.1|[404452499],"""K2a2a""[All Fields] AND ""Homo sapiens""[Organism] AND mitochondrion[All Fields]"
N1b2,GenBank_EUtilities,3126490773,PV559459.1,"Homo sapiens isolate AR_05 haplogroup N1b2 mitochondrion, complete genome",,16568,,,,9606,gi|3126490773|gb|PV559459.1|[3126490773],"""N1b2""[All Fields] AND ""Homo sapiens""[Organism] AND mitochondrion[All Fields]"
N1b2,GenBank_EUtilities,192334875,EU742153.1,"Homo sapiens isolate N1b2_8002_Pal mitochondrion, complete genome",,16569,,,,9606,gi|192334875|gb|EU742153.1|[192334875],"""N1b2""[All Fields] AND ""Homo sapiens""[Organism] AND mitochondrion[All Fields]"
N1b2,GenBank_EUtilities,192334861,EU742152.1,"Homo sapiens isolate N1b2_505002_Pal mitochondrion, complete genome",,16570,,,,9606,gi|192334861|gb|EU742152.1|[192334861],"""N1b2""[All Fields] AND ""Homo sapiens""[Organism] AND mitochondrion[All Fields]"
N1b2,GenBank_EUtilities,192334847,EU742151.1,"Homo sapiens isolate N1b2_4002_Pal mitochondrion, complete genome",,16574,,,,9606,gi|192334847|gb|EU742151.1|[192334847],"""N1b2""[All Fields] AND ""Homo sapiens""[Organism] AND mitochondrion[All Fields]"
N1b2,GenBank_EUtilities,192334833,EU742150.1,"Homo sapiens isolate N1b2_37002_Pal mitochondrion, complete genome",,16570,,,,9606,gi|192334833|gb|EU742150.1|[192334833],"""N1b2""[All Fields] AND ""Homo sapiens""[Organism] AND mitochondrion[All Fields]"
N1b2,GenBank_EUtilities,192334819,EU742149.1,"Homo sapiens isolate N1b2_34002_Pal mitochondrion, complete genome",,16570,,,,9606,gi|192334819|gb|EU742149.1|[192334819],"""N1b2""[All Fields] AND ""Homo sapiens""[Organism] AND mitochondrion[All Fields]"
N1b2,GenBank_EUtilities,192334805,EU742148.1,"Homo sapiens isolate N1b2_33002_Pal mitochondrion, complete genome",,16570,,,,9606,gi|192334805|gb|EU742148.1|[192334805],"""N1b2""[All Fields] AND ""Homo sapiens""[Organism] AND mitochondrion[All Fields]"
N1b2,GenBank_EUtilities,283049459,GU361771.1,"Homo sapiens haplogroup N1b2 mitochondrion, complete genome",,16570,,,,9606,gi|283049459|gb|GU361771.1|[283049459],"""N1b2""[All Fields] AND ""Homo sapiens""[Organism] AND mitochondrion[All Fields]"
N1b2,GenBank_EUtilities,281190108,GU320211.1,"Homo sapiens haplogroup N1b2 mitochondrion, complete genome",,16570,,,,9606,gi|281190108|gb|GU320211.1|[281190108],"""N1b2""[All Fields] AND ""Homo sapiens""[Organism] AND mitochondrion[All Fields]"
N1b2,GenBank_EUtilities,768801820,KM986527.1,"Homo sapiens isolate Y333 haplogroup N1b2 mitochondrion, complete genome",,16567,,,,9606,gi|768801820|gb|KM986527.1|[768801820],"""N1b2""[All Fields] AND ""Homo sapiens""[Organism] AND mitochondrion[All Fields]"
N1b2,GenBank_EUtilities,545484383,KF297809.1,"Homo sapiens isolate TOR942 mitochondrion, complete genome",,16569,,,,9606,gi|545484383|gb|KF297809.1|[545484383],"""N1b2""[All Fields] AND ""Homo sapiens""[Organism] AND mitochondrion[All Fields]"
N1b2,GenBank_EUtilities,545484369,KF297808.1,"Homo sapiens isolate TOR941 mitochondrion, complete genome",,16569,,,,9606,gi|545484369|gb|KF297808.1|[545484369],"""N1b2""[All Fields] AND ""Homo sapiens""[Organism] AND mitochondrion[All Fields]"
N1b2,GenBank_EUtilities,215882648,FJ493516.1,"Homo sapiens isolate DD15 mitochondrion, complete genome",,16569,,,,9606,gi|215882648|gb|FJ493516.1|[215882648],"""N1b2""[All Fields] AND ""Homo sapiens""[Organism] AND mitochondrion[All Fields]"
