Sample,Range,Percentage of covered bases > 3X,Haplotype,Haplogroup,Quality
ROQ1,21-303;315-7518;7524-16568,,73G 143A 146C 152C 195C 263G 750G 769A 1018A 1438G 2416C 2706G 2789T 3010A 3594T 4104R 4769G 6614C 6663G 7028T 7175C 7256T 7274T 7771G 8206A 8701G 8860G 9221G 9540C 10115C 10398G 10873C 11719A 11914A 11944C 12693G 12705T 13590A 13650T 13803G 14566G 14766T 15301A 15326G 15784C 16129R 16223T 16278T 16294T 16309G 16390A 16519C,L2a1c+16129,1.01
ROQ2,2-16568,,73G 152C 195C 263G 310C 499A 750G 1438G 1811G 2706G 4646C 4769G 5999C 6047G 7028T 8818T 8860G 11332T 11467G 11719A 12172G 12308G 12372A 14620T 14766T 15326G 15693C 16356C 16519C,U4a2,0.98
ROQ3,10-303;315-16564,,73G 185A 228A 263G 295T 462T 482C 489C 750G 1438G 2706G 3010A 3394C 4216C 4769G 5276G 7028T 7679C 8860G 10398G 11227T 11251G 11719A 12612G 13708A 14766T 14798C 15326G 15452A 16069T 16126C 16519C,J1c1f,0.98
ROQ4,7-16564,,73G 195C 263G 375G 489C 750G 813G 930A 1438G 2706G 3705A 4769G 6446A 6671C 6680C 7028T 7853A 8701G 8860G 9540C 10398G 10400T 10873C 11719A 12346T 12403T 12705T 12950C 14110C 14766T 14769G 14783C 15043A 15301A 15326G 15622C 16129A 16183C 16189C 16223T 16249C 16289G 16311C 16359C 16519C,M1a1b1c,0.99
ROQ5,41-303;315-7518;7536-16564,,73G 143A 146C 152C 195C 263G 750G 769A 1018A 1438G 2416C 2706G 2789T 3010A 3594T 4104G 4769G 6614C 6663G 7028T 7175C 7256T 7274T 7771G 8206A 8701G 8860G 9221G 9540C 10115C 10398G 10873C 11719A 11914A 11944C 12693G 12705T 13590A 13650T 13803G 14566G 14766T 15301A 15326G 15784C 16129A 16223T 16278T 16294T 16309G 16390A 16519C,L2a1c+16129,0.99
ROQ7,64;85-303;315-474;487-1190;1271-2474;2488;2496-3105;3107-3116;3214-3222;3224-3513;3590-5468;5473-5721;5760-6279;6331-7789;7808-7954;7985-8276;8281-8295;8300-8302;8311-8686;8717-8818;8838;8937-9312;9336-9369;9420-12783;12805-12807;12810-12858;12980-13032;13035-14901;14908-15262;15270-16556,,64T 150T 263G 750G 1438G 2351C 2442C 2706G 3847C 4769G 7028T 9531G 13188T 14766T 15326G 16126C 16362C,R0a4,1
ROQ10,18-16565,,263G 267C 485C 750G 1438G 3010A 4769G 6446T 8860G 11002G 15326G 15844G 16519C,H1bo,1
ROQ11,18-16567,,249d 263G 292C 750G 1438G 4769G 8860G 15326G 16218T 16328A 16362C,H20a1a,1
ROQ12,73;83-331;339-1219;1294-3099;3225-3423;3491-3541;3576-3836;3841-5188;5210-5241;5248-5941;5945-5960;6027-6784;6801-6977;7033-7863;7928-8154;8163-8294;8296-8325;8329-8690;8693-8770;8784-8842;8920-9017;9022-9026;9028-9367;9388;9390-10708;10719-11821;11833;11835-12336;12340-12772;12809-12814;12821-12886;12891-12894;12943-12946;13004-13797;13812-14345;14392-14768;14815-15030;15035-16552,,73G 263G 497T 750G 1189C 1438G 1811G 2706G 4769G 9055A 9698C 10398G 10550G 10978G 11299C 11467G 11470G 11719A 11914A 12308G 12372A 14167T 14766T 15326G 15924G 16223T 16224C 16234T 16311C 16519C,K1a1b1a,0.96
ROQ13,9-16567,,263G 267C 485C 750G 1438G 3010A 4769G 6446T 8860G 11002G 15326G 15844G 16519C,H1bo,1
ROQ15,14-3105 3107-4490 4500-9369 9381-16563,,73G 263G 385G 750G 1438G 2706G 3197C 4769G 6719C 7028T 8860G 9477A 9548A 11467G 11719A 12308G 12372A 13617C 14766T 14793G 15326G 16172C 16192T 16256T 16270T 16311C 16526A,U5a2b,0.95
