sample_id,population,haplogroup,n_panel
HG00096,GBR,H16a1,503
HG00097,GBR,T2f1a1,503
HG00099,GBR,H1ae,503
HG00100,GBR,X2b8,503
HG00101,GBR,J1c3g,503
HG00102,GBR,H58a,503
HG00103,GBR,J1c3b2,503
HG00105,GBR,H1m,503
HG00106,GBR,J2b1a,503
HG00107,GBR,J1c3b1a,503
HG00108,GBR,X2b+226+16192,503
HG00109,GBR,U4a2,503
HG00110,GBR,H1e1a,503
HG00111,GBR,H1e2,503
HG00112,GBR,H5b2,503
HG00113,GBR,X2b8,503
HG00114,GBR,U5b2c2b,503
HG00115,GBR,T2b23a,503
HG00116,GBR,U5b2c2b,503
HG00117,GBR,J1c2e1,503
HG00118,GBR,H3a1a,503
HG00119,GBR,T1a1,503
HG00120,GBR,J1c5,503
HG00121,GBR,K1a4g,503
HG00122,GBR,U5b2c2b,503
HG00123,GBR,H2a2b5a,503
HG00125,GBR,H1e2,503
HG00126,GBR,H23,503
HG00127,GBR,H2a2a1f,503
HG00128,GBR,K2b1a3,503
HG00129,GBR,H3k1a,503
HG00130,GBR,X2b4,503
HG00131,GBR,H2a2a2,503
HG00132,GBR,U5a2a1d,503
HG00133,GBR,H26a1a1,503
HG00136,GBR,T2b,503
HG00137,GBR,H3,503
HG00138,GBR,H1b1+16362,503
HG00139,GBR,H4a1a4b,503
HG00140,GBR,H4a1a4b,503
HG00141,GBR,T2b19b,503
HG00142,GBR,U5a1b,503
HG00143,GBR,H20c,503
HG00145,GBR,U5a1a1g,503
HG00146,GBR,U5a2a1,503
HG00148,GBR,W5a2,503
HG00149,GBR,H24a,503
HG00150,GBR,H1c1,503
HG00151,GBR,H27,503
HG00154,GBR,I4a2,503
HG00155,GBR,U4b1b2,503
HG00157,GBR,H5,503
HG00158,GBR,H1e2c,503
HG00159,GBR,H1+16189,503
HG00160,GBR,U5a2b2,503
HG00171,FIN,V1a1a,503
HG00173,FIN,U5b1b2,503
HG00174,FIN,U5b1b2,503
HG00176,FIN,U8a1a1b1,503
HG00177,FIN,K1c1c,503
HG00178,FIN,H13a1a1d1,503
HG00179,FIN,H10e,503
HG00180,FIN,H1a2,503
HG00181,FIN,U4d1a1,503
HG00182,FIN,H1,503
HG00183,FIN,H45a,503
HG00185,FIN,K1c1c,503
HG00186,FIN,U4d1a1a,503
HG00187,FIN,U5b1b2a,503
HG00188,FIN,U5b1b1a,503
HG00189,FIN,H1f1,503
HG00190,FIN,H7a1a,503
HG00231,GBR,W5a1a,503
HG00232,GBR,H1+16189,503
HG00233,GBR,H13c1,503
HG00234,GBR,T2a1a2,503
HG00235,GBR,J1c2t,503
HG00236,GBR,K2a3,503
HG00237,GBR,H3b4a,503
HG00238,GBR,U5b1c1a1,503
HG00239,GBR,H3z,503
HG00240,GBR,U5b1c1a1,503
HG00242,GBR,U5b2a1b,503
HG00243,GBR,K2b1a2,503
HG00244,GBR,X2b5,503
HG00245,GBR,H3g1b,503
HG00246,GBR,T2b5,503
HG00250,GBR,U4b1a2a,503
HG00251,GBR,H5n,503
HG00252,GBR,H3ag,503
HG00253,GBR,I1a1b,503
HG00254,GBR,H5a8,503
HG00255,GBR,U4b1a2b,503
HG00256,GBR,H5b2,503
HG00257,GBR,J1c8a,503
HG00258,GBR,J1c2q,503
HG00259,GBR,T2b4+152,503
HG00260,GBR,U5b2a2c,503
HG00261,GBR,J1c2,503
HG00262,GBR,T2b13,503
HG00263,GBR,U8a1b,503
HG00264,GBR,H5s,503
HG00265,GBR,T2b19,503
HG00266,FIN,H1f1,503
HG00267,FIN,U4a2,503
HG00268,FIN,U5a2a1a,503
HG00269,FIN,H1a2,503
HG00271,FIN,U5b1b2a,503
HG00272,FIN,H1c3b,503
HG00273,FIN,U5b1b2a,503
HG00274,FIN,U5b1b2a,503
HG00275,FIN,U5b1b2,503
HG00276,FIN,J1c2n1,503
HG00277,FIN,U5b1b1a1a,503
HG00278,FIN,H1n4,503
HG00280,FIN,X2c1,503
HG00281,FIN,U5a1a1h,503
HG00282,FIN,V1a1a,503
HG00284,FIN,U5b2a1a1d,503
HG00285,FIN,U5b1b2,503
HG00288,FIN,U5a1b1h,503
HG00290,FIN,U5a2a1a,503
HG00304,FIN,H2a1a,503
HG00306,FIN,U5a2b,503
HG00308,FIN,W1a,503
HG00309,FIN,H5a1a,503
HG00310,FIN,H1a2,503
HG00311,FIN,U5b1b2a,503
HG00313,FIN,H1f1,503
HG00315,FIN,J1b1a1,503
HG00318,FIN,H3b+16129,503
HG00319,FIN,H6a1a3,503
HG00320,FIN,U5b1b1a,503
HG00321,FIN,U4a2,503
HG00323,FIN,V1a1a,503
HG00324,FIN,H13a1a1d1,503
HG00325,FIN,H4a1a1a,503
HG00326,FIN,K1c1c,503
HG00327,FIN,H85,503
HG00328,FIN,H3b+16129,503
HG00329,FIN,I2a1a,503
HG00330,FIN,U5b1b2,503
HG00331,FIN,K1a4a1a2b,503
HG00332,FIN,J1c2c2,503
HG00334,FIN,J1c3+189,503
HG00335,FIN,H1f1,503
HG00336,FIN,W6a,503
HG00337,FIN,T2b4+152,503
HG00338,FIN,J1c1d,503
HG00339,FIN,U4d1a1a,503
HG00341,FIN,U5b1b2a,503
HG00342,FIN,H1a8,503
HG00343,FIN,H6a1a3,503
HG00344,FIN,T2e1,503
HG00345,FIN,V1a1a,503
HG00346,FIN,K1a2a2,503
HG00349,FIN,K1a4a1f,503
HG00350,FIN,HV9,503
HG00351,FIN,U5a2a1e,503
HG00353,FIN,H1b1d,503
HG00355,FIN,J1c2b5,503
HG00356,FIN,T2b4+152,503
HG00357,FIN,U5b1b2a,503
HG00358,FIN,U5b1b1a,503
HG00360,FIN,H2a1,503
HG00361,FIN,H1b1i,503
HG00362,FIN,H1q1,503
HG00364,FIN,U5b1b2a,503
HG00365,FIN,H1c,503
HG00366,FIN,H5a1e,503
HG00367,FIN,U5a1b1h,503
HG00368,FIN,U5b1b2,503
HG00369,FIN,I1a1a2,503
HG00371,FIN,X2c1,503
HG00372,FIN,H1+16189,503
HG00373,FIN,U5b1b1a1b,503
HG00375,FIN,J1c2n1,503
HG00376,FIN,U5b1b1a,503
HG00378,FIN,H1a2,503
HG00379,FIN,U5b1b1a,503
HG00380,FIN,H1a8a,503
HG00381,FIN,H1a2,503
HG00382,FIN,H1h1,503
HG00383,FIN,H27a,503
HG00384,FIN,U5b1b1a,503
HG01334,GBR,K2a11,503
HG01500,IBS,H3c,503
HG01501,IBS,H1bw,503
HG01503,IBS,H1z,503
HG01504,IBS,H1t,503
HG01506,IBS,H,503
HG01507,IBS,H1,503
HG01509,IBS,H1+16189,503
HG01510,IBS,H13a1a1,503
HG01512,IBS,J1c2e2,503
HG01513,IBS,H1j2a,503
HG01515,IBS,H,503
HG01516,IBS,H3+73,503
HG01518,IBS,J1c3a2,503
HG01519,IBS,H1b,503
HG01521,IBS,H1cd,503
HG01522,IBS,H17a,503
HG01524,IBS,U5b2a6,503
HG01525,IBS,H105a,503
HG01527,IBS,I2,503
HG01528,IBS,H1ah,503
HG01530,IBS,U5a2+16294,503
HG01531,IBS,N1b1a,503
HG01536,IBS,K1a4a1,503
HG01537,IBS,K1a4,503
HG01602,IBS,J1c3f,503
HG01603,IBS,U5a1h,503
HG01605,IBS,K1a4a1,503
HG01606,IBS,H1ae2,503
HG01607,IBS,L1b1a6,503
HG01608,IBS,H1c,503
HG01610,IBS,U5a1+@16192,503
HG01612,IBS,U4a2f,503
HG01613,IBS,H1,503
HG01615,IBS,U5a1c,503
HG01617,IBS,K1a2a,503
HG01618,IBS,T2b,503
HG01619,IBS,H5a7,503
HG01620,IBS,V2b,503
HG01623,IBS,HV0+195,503
HG01624,IBS,H53,503
HG01625,IBS,U1a1a2,503
HG01626,IBS,T2a1b1a1b,503
HG01628,IBS,U6a1a1,503
HG01630,IBS,H7,503
HG01631,IBS,H1q,503
HG01632,IBS,T2a1a,503
HG01668,IBS,H8c,503
HG01669,IBS,U4c1,503
HG01670,IBS,U4c1,503
HG01672,IBS,HV0f,503
HG01673,IBS,U5b1f1a,503
HG01675,IBS,K1a2a,503
HG01676,IBS,H5a1g,503
HG01678,IBS,H1e1a1,503
HG01679,IBS,H5a3a1,503
HG01680,IBS,V,503
HG01682,IBS,HV0f,503
HG01684,IBS,T2b5a,503
HG01685,IBS,K1c1,503
HG01686,IBS,V19,503
HG01694,IBS,J1b1a1,503
HG01695,IBS,H7,503
HG01697,IBS,T1a1,503
HG01699,IBS,H56,503
HG01700,IBS,V3a,503
HG01702,IBS,T2b33,503
HG01704,IBS,V,503
HG01705,IBS,U2e1a1,503
HG01707,IBS,U4b3,503
HG01708,IBS,H40,503
HG01709,IBS,H34,503
HG01710,IBS,HV4a1a,503
HG01746,IBS,U5b,503
HG01747,IBS,H,503
HG01756,IBS,H17a,503
HG01757,IBS,U4a2,503
HG01761,IBS,L3d1b1,503
HG01762,IBS,U5b3,503
HG01765,IBS,H1ba,503
HG01766,IBS,N1b1a2,503
HG01767,IBS,V25,503
HG01768,IBS,H6a1b2d,503
HG01770,IBS,H3af,503
HG01771,IBS,H4a1a4a,503
HG01773,IBS,H6a1a,503
HG01775,IBS,U5a2c,503
HG01776,IBS,H1ag,503
HG01777,IBS,H1c3a,503
HG01779,IBS,H,503
HG01781,IBS,R0a4,503
HG01783,IBS,H4a1a,503
HG01784,IBS,H1j,503
HG01785,IBS,H,503
HG01786,IBS,H1,503
HG01789,GBR,H5a1c1a,503
HG01790,GBR,H33a,503
HG01791,GBR,U5b2c2b,503
HG02215,GBR,H3m,503
HG02219,IBS,H6a1a,503
HG02220,IBS,K1a4,503
HG02221,IBS,U5a1i1,503
HG02223,IBS,H1ak1,503
HG02224,IBS,H2a1,503
HG02230,IBS,H15b,503
HG02231,IBS,H3+152,503
HG02232,IBS,T2,503
HG02233,IBS,H3v+16093,503
HG02235,IBS,T2b3+151,503
HG02236,IBS,H1,503
HG02238,IBS,H1j1,503
HG02239,IBS,H1,503
NA06984,CEU,U5a1a1,503
NA06985,CEU,U4b1a1a1,503
NA06986,CEU,K1a2a1,503
NA06989,CEU,U5b2a1a1a,503
NA06994,CEU,U5b2a1a1,503
NA07000,CEU,T2b,503
NA07037,CEU,T1a6,503
NA07048,CEU,H2a1,503
NA07051,CEU,H+152,503
NA07056,CEU,W1c1,503
NA07347,CEU,H1c6,503
NA07357,CEU,U5a1c2a1,503
NA10847,CEU,H3v1,503
NA10851,CEU,V16,503
NA11829,CEU,T2a1a,503
NA11830,CEU,U5b2a1a1,503
NA11831,CEU,H5'36,503
NA11832,CEU,H2a5b,503
NA11840,CEU,H4a1a1a,503
NA11843,CEU,J1c2c2,503
NA11881,CEU,H1c3b,503
NA11892,CEU,K1b1a1d,503
NA11893,CEU,V+@72,503
NA11894,CEU,T1a6,503
NA11918,CEU,H2a1e1,503
NA11919,CEU,H1c1,503
NA11920,CEU,H1a1a1,503
NA11930,CEU,H1c3a,503
NA11931,CEU,H3a1a,503
NA11932,CEU,HV0b,503
NA11933,CEU,W5a1,503
NA11992,CEU,U5a2d1a,503
NA11994,CEU,T2b4b,503
NA11995,CEU,H11a1,503
NA12003,CEU,T2b1,503
NA12004,CEU,H3+152,503
NA12005,CEU,K2a,503
NA12006,CEU,H5b1,503
NA12043,CEU,T1,503
NA12044,CEU,J1c3c,503
NA12045,CEU,H18b,503
NA12046,CEU,T2b1,503
NA12058,CEU,HV17a,503
NA12144,CEU,H1e1a,503
NA12154,CEU,J1c5a1,503
NA12155,CEU,H8c,503
NA12156,CEU,U4b1b1d,503
NA12234,CEU,J1c1e,503
NA12249,CEU,H1c1,503
NA12272,CEU,H5a1p,503
NA12273,CEU,J2a1a1,503
NA12275,CEU,H13a1a,503
NA12282,CEU,J1b1a1a,503
NA12283,CEU,H3ag1,503
NA12286,CEU,H,503
NA12287,CEU,U2e1b,503
NA12340,CEU,H16a,503
NA12341,CEU,H1e1a,503
NA12342,CEU,I5a2,503
NA12347,CEU,U2e1f1,503
NA12348,CEU,U5a1j,503
NA12383,CEU,V16,503
NA12399,CEU,H1c1a1,503
NA12400,CEU,W1c1,503
NA12413,CEU,W5a1a,503
NA12414,CEU,J2b1a3,503
NA12489,CEU,HV15,503
NA12546,CEU,H5a6,503
NA12716,CEU,H1ae2a,503
NA12717,CEU,H1b1,503
NA12718,CEU,U5a1b1,503
NA12748,CEU,H1c1,503
NA12749,CEU,H7a1b,503
NA12750,CEU,T2f1a1,503
NA12751,CEU,U5a1a2b,503
NA12760,CEU,H5a6,503
NA12761,CEU,U5b1e,503
NA12762,CEU,H8,503
NA12763,CEU,T2b,503
NA12775,CEU,W3a1,503
NA12776,CEU,U3a1a,503
NA12777,CEU,H1ao,503
NA12778,CEU,H52,503
NA12812,CEU,H1+16189,503
NA12813,CEU,U5a2a,503
NA12814,CEU,U5a1b1a2,503
NA12815,CEU,H27,503
NA12827,CEU,H6a1b3,503
NA12828,CEU,H3,503
NA12829,CEU,H4a1a1,503
NA12830,CEU,H47a,503
NA12842,CEU,H66a,503
NA12843,CEU,U5a2c3a,503
NA12872,CEU,HV6,503
NA12873,CEU,H11a6,503
NA12874,CEU,J1c8a,503
NA12878,CEU,H13a1a1a,503
NA12889,CEU,H31a,503
NA12890,CEU,H1+16189,503
NA20502,TSI,H93,503
NA20503,TSI,W4c,503
NA20504,TSI,H1e2,503
NA20505,TSI,K1a1b1e,503
NA20506,TSI,HV24,503
NA20507,TSI,T2b7a3,503
NA20508,TSI,T2b3e,503
NA20509,TSI,H1b1,503
NA20510,TSI,W6,503
NA20511,TSI,H14a+146,503
NA20512,TSI,U4a2b,503
NA20513,TSI,H1e1b1a,503
NA20514,TSI,H59a,503
NA20515,TSI,U5a1b1a,503
NA20516,TSI,H6a1b4,503
NA20517,TSI,U5b2a3a,503
NA20518,TSI,J2a1a1e,503
NA20519,TSI,H5,503
NA20520,TSI,H3k,503
NA20521,TSI,H31,503
NA20522,TSI,K1a2a1,503
NA20524,TSI,D4j12,503
NA20525,TSI,H1aj,503
NA20527,TSI,H92,503
NA20528,TSI,J1c17,503
NA20529,TSI,T2n,503
NA20530,TSI,K1a4c1,503
NA20531,TSI,H1e2,503
NA20532,TSI,V,503
NA20533,TSI,H5b,503
NA20534,TSI,J1b1a3,503
NA20535,TSI,H1a,503
NA20536,TSI,X2d1a,503
NA20538,TSI,H82,503
NA20539,TSI,K1a1b1,503
NA20540,TSI,U5b1+16189+@16192,503
NA20541,TSI,H1,503
NA20542,TSI,T1b2,503
NA20543,TSI,H1au,503
NA20544,TSI,J1c2,503
NA20581,TSI,T1a2a,503
NA20582,TSI,H56d,503
NA20585,TSI,H2b,503
NA20586,TSI,H1ba,503
NA20587,TSI,HV+16311,503
NA20588,TSI,H23,503
NA20589,TSI,T2e1,503
NA20752,TSI,J2a2b2,503
NA20753,TSI,L1b1a5,503
NA20754,TSI,H14b,503
NA20755,TSI,H18,503
NA20756,TSI,K2a8,503
NA20757,TSI,T1a2,503
NA20758,TSI,T2c1d+152,503
NA20759,TSI,K1a1b2a1a,503
NA20760,TSI,U5a2b5,503
NA20761,TSI,H60a,503
NA20762,TSI,W5a1a,503
NA20763,TSI,HV9c,503
NA20764,TSI,K1a+195,503
NA20765,TSI,U5a2b2,503
NA20766,TSI,H87,503
NA20767,TSI,H1e2,503
NA20768,TSI,H1a3a3,503
NA20769,TSI,H1ba,503
NA20770,TSI,T2d2,503
NA20771,TSI,H13b1b,503
NA20772,TSI,H7,503
NA20773,TSI,H107,503
NA20774,TSI,U5a1b1a,503
NA20775,TSI,T2b7a3,503
NA20778,TSI,U7a4a1,503
NA20783,TSI,T2c1a2,503
NA20785,TSI,J1c3e2,503
NA20786,TSI,U8b1b1,503
NA20787,TSI,J1c1h,503
NA20790,TSI,H1q,503
NA20792,TSI,H1b1,503
NA20795,TSI,H26c,503
NA20796,TSI,H7,503
NA20797,TSI,V2,503
NA20798,TSI,H15b1,503
NA20799,TSI,H5e1b,503
NA20800,TSI,H91,503
NA20801,TSI,HV1b2,503
NA20802,TSI,H+152,503
NA20803,TSI,H1e2d,503
NA20804,TSI,W6a,503
NA20805,TSI,U5a1g,503
NA20806,TSI,H13b1b,503
NA20807,TSI,U2e1'2'3,503
NA20808,TSI,H55,503
NA20809,TSI,H3,503
NA20810,TSI,H1e,503
NA20811,TSI,H1q3,503
NA20812,TSI,U5a1a1b,503
NA20813,TSI,K1a1b1,503
NA20814,TSI,HV9c,503
NA20815,TSI,H44a,503
NA20818,TSI,J1d6,503
NA20819,TSI,T1a10,503
NA20821,TSI,T2+16189,503
NA20822,TSI,U5a1a2b,503
NA20826,TSI,U1a1c1b,503
NA20827,TSI,U5a1g,503
NA20828,TSI,K1a4f1,503
NA20832,TSI,H1n+146,503
