haplotype,lineage_key,count,frequency,n_nonjews,source
A-a1b3a1,A-a1b3a1,0,0.0,503,"1000 Genomes Phase 3 EUR (CEU+GBR+FIN+IBS+TSI, n=503)"
H1,H1,86,0.1709741550695825,503,"1000 Genomes Phase 3 EUR (CEU+GBR+FIN+IBS+TSI, n=503)"
H3,H3,22,0.0437375745526839,503,"1000 Genomes Phase 3 EUR (CEU+GBR+FIN+IBS+TSI, n=503)"
H5,H5,20,0.039761431411530816,503,"1000 Genomes Phase 3 EUR (CEU+GBR+FIN+IBS+TSI, n=503)"
H6a1a,H6a1a1a,4,0.007952286282306162,503,"1000 Genomes Phase 3 EUR (CEU+GBR+FIN+IBS+TSI, n=503)"
H7,H7,6,0.011928429423459244,503,"1000 Genomes Phase 3 EUR (CEU+GBR+FIN+IBS+TSI, n=503)"
HV1,HV1a,1,0.0019880715705765406,503,"1000 Genomes Phase 3 EUR (CEU+GBR+FIN+IBS+TSI, n=503)"
HV1b2,HV1b2,1,0.0019880715705765406,503,"1000 Genomes Phase 3 EUR (CEU+GBR+FIN+IBS+TSI, n=503)"
I,I,6,0.011928429423459244,503,"1000 Genomes Phase 3 EUR (CEU+GBR+FIN+IBS+TSI, n=503)"
J1c,J1c7a,27,0.0536779324055666,503,"1000 Genomes Phase 3 EUR (CEU+GBR+FIN+IBS+TSI, n=503)"
K1a4a,K1a4a,4,0.007952286282306162,503,"1000 Genomes Phase 3 EUR (CEU+GBR+FIN+IBS+TSI, n=503)"
L2a1l2a,L2a1l2a,0,0.0,503,"1000 Genomes Phase 3 EUR (CEU+GBR+FIN+IBS+TSI, n=503)"
M1a1b1c,M1a1b1c,0,0.0,503,"1000 Genomes Phase 3 EUR (CEU+GBR+FIN+IBS+TSI, n=503)"
M33c3,M33c3,0,0.0,503,"1000 Genomes Phase 3 EUR (CEU+GBR+FIN+IBS+TSI, n=503)"
N9a3a1b1,N9a3a1b1,0,0.0,503,"1000 Genomes Phase 3 EUR (CEU+GBR+FIN+IBS+TSI, n=503)"
R0a,R0a,1,0.0019880715705765406,503,"1000 Genomes Phase 3 EUR (CEU+GBR+FIN+IBS+TSI, n=503)"
T2,T2,35,0.06958250497017893,503,"1000 Genomes Phase 3 EUR (CEU+GBR+FIN+IBS+TSI, n=503)"
U1,U1b1a1,2,0.003976143141153081,503,"1000 Genomes Phase 3 EUR (CEU+GBR+FIN+IBS+TSI, n=503)"
U4,U4,17,0.033797216699801194,503,"1000 Genomes Phase 3 EUR (CEU+GBR+FIN+IBS+TSI, n=503)"
U5a1,U5a1f1a3,21,0.041749502982107355,503,"1000 Genomes Phase 3 EUR (CEU+GBR+FIN+IBS+TSI, n=503)"
U7a,U7a5,1,0.0019880715705765406,503,"1000 Genomes Phase 3 EUR (CEU+GBR+FIN+IBS+TSI, n=503)"
V,V7a2c1b,15,0.02982107355864811,503,"1000 Genomes Phase 3 EUR (CEU+GBR+FIN+IBS+TSI, n=503)"
W,W,13,0.02584493041749503,503,"1000 Genomes Phase 3 EUR (CEU+GBR+FIN+IBS+TSI, n=503)"
