mtree_name,ftdna_name,ashkenazi_pct,expected_origin,deep_origin,ancient_sample,note
HV1b2,HV1b2a,3.99,Near Eastern,Northern Mesopotamia / South Caucasus (HV1b-152),I14901 (Erfurt-EU),"frequent Ashkenazi line (Brook 2022); Costa et al. 2013 assign a Near Eastern source; Grossman et al. 2019 (Sci Rep) place HV1b2 near Assyrian HV1b branches in N. Mesopotamia/S. Caucasus"
R0a,R0a4a/R0a2m,2.52,Near Eastern,Arabian / Near Eastern (R0a),,"R0a is an Arabian/Near Eastern haplogroup; Costa et al. 2013 assign R0a-associated Ashkenazi lineages a Near Eastern source; combined Ashkenazi R0a4a (1.29%) + R0a2m (1.23%)"
U7a5,U7a5,1.55,Near Eastern,West Asian / Iranian Plateau (U7),,"U7 is a West/South Asian haplogroup centered on the Iranian plateau and Near East; Costa et al. 2013 explicitly list U7 among the confident Near Eastern lineages (~1%)"
U1b1a1,U1b1e1a1,0.80,Near Eastern,Near Eastern / Caucasus (U1),I14850/I14853/I14898 (Erfurt-EU),"U1 has an ultimately Near Eastern origin (Costa et al. 2013); three medieval Erfurt Jewish carriers provide a strong 14th-century anchor"
H7,H7e,1.90,European,European post-glacial / Neolithic (H),,"Haplogroup H is the dominant European lineage (~40% of Europeans); H7 is common among non-Jewish Europeans. Model is expected to (and does) place it European -- a fairness check that it agrees with Costa where Costa says European"
H6a1a1a,H6a1a1a1,0.57,Ambiguous,"Brook-coded Middle Eastern candidate; Mitotree/FTDNA public context looks Europe-rich",I14852 (Erfurt-ME),"Brook/Wexler list an Ashkenazi H6a1a1a/H6a1a1a1 lineage at ~0.57% and Brook appears to treat it as Middle Eastern; an Erfurt medieval Jewish carrier is reported as I14852. The public Mitotree/FTDNA context and supported parent H6a1a are Europe-rich, so this is retained as a disputed/ambiguous test case rather than a clean published-European control."
J1c7a,J1c7a15,2.30,European,"Near Eastern root, European Neolithic expansion (J1c)",,"J1 has a Near Eastern root but J1c expanded across Neolithic/post-Neolithic Europe and is common in non-Jewish Europeans; Costa et al. 2013 treat Ashkenazi J1c as European. A genuine intermediate: the model should lean European"
T2,T2,4.8,European,European Neolithic/post-glacial (T2),,"Costa et al. 2013 (Suppl. Table S9): Ashkenazi haplogroup T lineages assigned a European source (3.0% Europe vs 0.2% Near East of 4.8% total control-region sequences)"
W,W,1.6,European,European (W),,"Costa et al. 2013 (Suppl. Table S9): Ashkenazi haplogroup W assigned a European source (1.6% Europe, 0% Near East)"
I,I,1.3,European,European (I),,"Costa et al. 2013 (Suppl. Table S9): Ashkenazi haplogroup I assigned a European source (1.3%, all European)"
U4,U4,1.0,European,European/North Eurasian (U4),,"Costa et al. 2013: U4 is a European/North-Eurasian lineage assigned a European source (Ashkenazi pct approximate, subset of U 3.0%)"
H1,H1,3.0,European,European post-glacial (H1),,"Costa et al. 2013 (Suppl. Table S9): haplogroup H predominantly European source (20.5% Europe vs 0.8% Near East); H1 is a common European post-glacial subclade (Ashkenazi pct approximate)"
H3,H3,1.5,European,European post-glacial (H3),,"Costa et al. 2013 (Suppl. Table S9): haplogroup H European source; H3 is a West European post-glacial subclade (Ashkenazi pct approximate)"
H5,H5,1.5,European,European (H5),,"Costa et al. 2013 (Suppl. Table S9): haplogroup H European source; H5 (incl. Ashkenazi H5c2, cf. Brace et al. 2022 Norwich) is European (Ashkenazi pct approximate)"
HV1a,HV1a,1.5,Near Eastern,Near Eastern (HV1),,"Costa et al. 2013 (Suppl. Table S9): Ashkenazi HV lineages assigned a Near Eastern source (3.6% Near East); main text notes HV1 has deep Near Eastern ancestry (Ashkenazi pct approximate)"
K1a4a,K1a4a,0.20,Ambiguous,"Brook 2022: possible Greek/Italian convert but also in Syria; shared with Egyptian/Maghrebi/Turkish Jews",,"Brook 2022 sixth Ashkenazi K founder branch (~0.15-0.20%); not one of the four major Livni-Skorecki founders but tests whether the synthesis treats a disputed K subclade differently from K1a1b1a/K1a9"
