site,skeleton,hvr1_motif,haplogroup,note
Tell Halula,H3,16293C,R0,Middle Euphrates PPNB ~8700-6600 BC
Tell Halula,H4,16311C,K,Middle Euphrates PPNB
Tell Halula,H7,16311C,K,Middle Euphrates PPNB
Tell Halula,H8,16223T,L3,Sub-Saharan-derived African lineage
Tell Halula,H70,16356C,N*,rare paragroup N (Neolithic marker)
Tell Halula,H68,16294T,H,
Tell Halula,H53,CRS,HV,rCRS motif
Tell Halula,H49,16256T,H,
Tell Halula,H25,16224C 16311C,K,basal K node motif
Tell Halula,H28,16311C,U*,
Tell Ramad,R64-4II,16293C,R0,Damascus-area PPNB
Tell Ramad,R65-14,16224C 16311C 16366T,K,shared 3-way K motif
Tell Ramad,R69(2),16293C,R0,
Tell Ramad,R65-C8-SEB,16224C 16311C 16366T,K,shared 3-way K motif
Tell Ramad,R65-1S,16224C 16311C 16366T,K,shared 3-way K motif
