haplotype,count,frequency,n_nonjews,source
K1a9,6,0.000217,27651,Livni-Skorecki Table 7
K1a1b1a,17,0.000615,27651,Livni-Skorecki Table 7
K2a2a,12,0.000434,27651,Livni-Skorecki Table 7
N1b2,7,0.000253,27651,Livni-Skorecki Table 7
H,3668,0.429659,8537,Mitchell 2014 Table 2 non-Hispanic white
U,1160,0.135879,8537,Mitchell 2014 Table 2 non-Hispanic white
K,715,0.083753,8537,Mitchell 2014 Table 2 non-Hispanic white
J,789,0.092421,8537,Mitchell 2014 Table 2 non-Hispanic white
T,823,0.096404,8537,Mitchell 2014 Table 2 non-Hispanic white
V,223,0.026122,8537,Mitchell 2014 Table 2 non-Hispanic white
I,197,0.023076,8537,Mitchell 2014 Table 2 non-Hispanic white
N,200,0.023427,8537,Mitchell 2014 Table 2 non-Hispanic white
HV,133,0.015579,8537,Mitchell 2014 Table 2 non-Hispanic white
W,161,0.018860,8537,Mitchell 2014 Table 2 non-Hispanic white
X,143,0.016751,8537,Mitchell 2014 Table 2 non-Hispanic white
R,29,0.003397,8537,Mitchell 2014 Table 2 non-Hispanic white
L1,8,0.000937,8537,Mitchell 2014 Table 2 non-Hispanic white
L2,28,0.003280,8537,Mitchell 2014 Table 2 non-Hispanic white
L3,50,0.005857,8537,Mitchell 2014 Table 2 non-Hispanic white
M,20,0.002343,8537,Mitchell 2014 Table 2 non-Hispanic white
A,31,0.003631,8537,Mitchell 2014 Table 2 non-Hispanic white
